sku,brand,brand_tier,series,name,cpu_model,gpu_model,ram_gb,ssd_gb,screen_inch,resolution,refresh_hz,srgb_100,weight_kg,battery_wh,price_vnd,original_price_vnd,sales_count,retailer_category,image_url,source_url,collected_at,segment
ASU-00001,ASUS,4,TUF Gaming,ASUS TUF Gaming 0001,Intel Core i5-12450H,NVIDIA GeForce RTX 4050 Laptop,8,256,17.3,1920x1080,144,1,2.51,70,26650000,31390000,246,Laptop Gaming,,https://example-retailer.vn/mock,2026-01-15,GAMING
ACE-00002,Acer,3,Nitro,Acer Nitro 0002,AMD Ryzen 7 7730U,NVIDIA GeForce RTX 2050,16,256,15.6,1920x1080,60,0,2.25,52,19240000,20660000,108,Laptop Gaming,,https://example-retailer.vn/mock,2026-01-15,GAMING
GIG-00003,Gigabyte,3,Aero,Gigabyte Aero 0003,Intel Core i5-1240P,Intel UHD Graphics,32,512,14.5,1920x1200,90,0,1.04,63,20410000,,39,Mong nhe,,https://example-retailer.vn/mock,2026-01-15,ULTRABOOK
ACE-00004,Acer,3,Nitro,Acer Nitro 0004,Intel Core i5-12450H,NVIDIA GeForce RTX 3050 Ti Laptop,16,512,16.1,1920x1080,165,1,2.29,73,22530000,,109,Laptop Gaming,,https://example-retailer.vn/mock,2026-01-15,GAMING
LEN-00005,Lenovo,4,Legion,Lenovo Legion 0005,AMD Ryzen 7 7840HS,AMD Radeon RX 6600M,32,512,16.1,1920x1080,240,0,2.35,59,42540000,,55,Laptop Gaming,,https://example-retailer.vn/mock,2026-01-15,GAMING
DEL-00006,Dell,5,Alienware M,Dell Alienware M 0006,Intel Core i7-12700H,NVIDIA GeForce RTX 4060 Laptop,16,256,17.3,2560x1440,144,1,2.84,74,40070000,,109,Laptop Gaming,,https://example-retailer.vn/mock,2026-01-15,GAMING
HUA-00007,Huawei,3,MateBook D,Huawei MateBook D 0007,Intel Pentium Silver N6000,Intel UHD Graphics,8,256,16.0,1920x1080,60,0,1.53,34,11740000,,74,Hoc tap - Van phong,,https://example-retailer.vn/mock,2026-01-15,OFFICE
HP-00008,HP,4,Victus,HP Victus 0008,Intel Core i5-12500H,NVIDIA GeForce RTX 3050 Ti Laptop,16,512,17.3,2560x1440,144,0,2.37,68,28960000,,150,Laptop Gaming,,https://example-retailer.vn/mock,2026-01-15,GAMING
ACE-00009,Acer,3,Nitro,Acer Nitro 0009,Intel Core i5-12500H,NVIDIA RTX A2000 Laptop,8,512,16.1,1920x1080,165,0,2.44,88,24580000,,135,Laptop Gaming,,https://example-retailer.vn/mock,2026-01-15,GAMING
AVI-00010,Avita,1,Liber,Avita Liber 0010,Intel Core i7-1355U,Intel UHD Graphics (Alder Lake),8,512,16.0,1920x1200,120,0,1.48,61,12520000,,87,Mong nhe,,https://example-retailer.vn/mock,2026-01-15,ULTRABOOK
ASU-00011,ASUS,4,VivoBook,ASUS VivoBook 0011,Intel Core i3-1215U,Intel UHD Graphics (Alder Lake),4,256,14.0,1366x768,60,0,1.28,51,12860000,,83,Hoc tap - Van phong,,https://example-retailer.vn/mock,2026-01-15,OFFICE
HP-00012,HP,4,ProBook,HP ProBook 0012,Intel Core i5-1235U,Intel Iris Xe Graphics,16,512,15.6,1920x1200,60,0,1.39,52,18210000,,145,Hoc tap - Van phong,,https://example-retailer.vn/mock,2026-01-15,OFFICE
GIG-00013,Gigabyte,3,G5,Gigabyte G5 0013,AMD Ryzen 7 7840HS,NVIDIA GeForce RTX 4080 Laptop,16,512,16.0,1920x1200,90,1,2.67,75,44460000,55000000,124,Laptop Gaming,,https://example-retailer.vn/mock,2026-01-15,GAMING
MAS-00014,Masstel,1,Nobel,Masstel Nobel 0014,Intel Celeron N4500,Intel UHD Graphics,8,256,16.0,1920x1080,120,0,1.47,51,10420000,,61,Hoc tap - Van phong,,https://example-retailer.vn/mock,2026-01-15,OFFICE
LEN-00015,Lenovo,4,Legion,Lenovo Legion 0015,Intel Core i9-13900H,NVIDIA GeForce RTX 3060 Laptop,16,512,15.6,1920x1080,240,1,2.31,100,39530000,,123,Laptop Gaming,,https://example-retailer.vn/mock,2026-01-15,GAMING
ASU-00016,ASUS,4,ProArt,ASUS ProArt 0016,Intel Core i7-13620H,NVIDIA GeForce RTX 4060 Laptop,16,256,15.6,1920x1080,144,0,2.69,61,35640000,,48,Laptop Gaming,,https://example-retailer.vn/mock,2026-01-15,GAMING
DEL-00017,Dell,5,Inspiron,Dell Inspiron 0017,AMD Ryzen 3 7320U,AMD Radeon 680M,16,512,15.6,1920x1080,60,0,1.46,44,16090000,,121,Hoc tap - Van phong,,https://example-retailer.vn/mock,2026-01-15,OFFICE
ACE-00018,Acer,3,Nitro,Acer Nitro 0018,Intel Core i7-1260P,Intel UHD Graphics (Alder Lake),16,512,14.5,2560x1600,60,1,1.06,57,21450000,22860000,65,Do hoa - Ky thuat,,https://example-retailer.vn/mock,2026-01-15,CREATOR
GIG-00019,Gigabyte,3,G5,Gigabyte G5 0019,Intel Core i5-12450H,NVIDIA GeForce RTX 3050 Laptop,8,512,15.6,1920x1080,120,0,2.33,81,19270000,,45,Laptop Gaming,,https://example-retailer.vn/mock,2026-01-15,GAMING
AVI-00020,Avita,1,Pura,Avita Pura 0020,Intel Core i5-1335U,Intel UHD Graphics (Alder Lake),16,256,15.6,1920x1080,60,0,1.38,50,14210000,16020000,62,Hoc tap - Van phong,,https://example-retailer.vn/mock,2026-01-15,OFFICE
LEN-00021,Lenovo,4,IdeaPad Slim,Lenovo IdeaPad Slim 0021,Intel Core i7-1255U,Intel Iris Xe Graphics,16,512,15.6,1920x1200,120,0,1.34,54,22190000,,70,Hoc tap - Van phong,,https://example-retailer.vn/mock,2026-01-15,OFFICE
HUA-00022,Huawei,3,MateBook X,Huawei MateBook X 0022,Intel Core i7-12700H,Intel Iris Xe Graphics,16,512,14.0,1920x1200,60,1,1.28,42,21880000,26070000,87,Mong nhe,,https://example-retailer.vn/mock,2026-01-15,ULTRABOOK
AVI-00023,Avita,1,Liber,Avita Liber 0023,Intel Core i7-1255U,Intel UHD Graphics,16,256,13.3,1920x1200,60,1,1.04,72,15470000,19440000,183,Mong nhe,,https://example-retailer.vn/mock,2026-01-15,ULTRABOOK
LG-00024,LG,4,Gram,LG Gram 0024,Intel Core i5-1235U,Intel Iris Xe Graphics,8,1024,15.6,1920x1080,60,0,1.43,54,20970000,22680000,141,Hoc tap - Van phong,,https://example-retailer.vn/mock,2026-01-15,OFFICE
APP-00025,Apple,5,MacBook Air,Apple MacBook Air 0025,Apple M2,Apple GPU 8-core,8,256,13.3,1920x1200,90,0,1.06,50,30610000,,140,Mong nhe,,https://example-retailer.vn/mock,2026-01-15,ULTRABOOK
HP-00026,HP,4,Victus,HP Victus 0026,Intel Core i7-12700H,NVIDIA GeForce RTX 4050 Laptop,16,512,16.0,2560x1600,60,1,2.38,76,35710000,,154,Do hoa - Ky thuat,,https://example-retailer.vn/mock,2026-01-15,CREATOR
APP-00027,Apple,5,MacBook Air,Apple MacBook Air 0027,Apple M2,Apple GPU 10-core,16,256,14.0,1920x1200,120,0,1.16,91,34850000,42600000,245,Mong nhe,,https://example-retailer.vn/mock,2026-01-15,ULTRABOOK
APP-00028,Apple,5,MacBook Air,Apple MacBook Air 0028,Apple M3,Apple GPU 10-core,16,512,14.5,1920x1200,60,0,1.06,58,35690000,42800000,175,Mong nhe,,https://example-retailer.vn/mock,2026-01-15,ULTRABOOK
MSI-00029,MSI,3,Prestige,MSI Prestige 0029,Intel Core i7-1255U,Intel UHD Graphics (Alder Lake),8,1024,14.0,1920x1080,60,0,1.25,57,18950000,,51,Mong nhe,,https://example-retailer.vn/mock,2026-01-15,ULTRABOOK
MSI-00030,MSI,3,Modern,MSI Modern 0030,Intel Core i5-12450H,Intel UHD Graphics (Alder Lake),16,256,15.6,1920x1080,60,0,1.46,43,20740000,,113,Hoc tap - Van phong,,https://example-retailer.vn/mock,2026-01-15,OFFICE
AVI-00031,Avita,1,Pura,Avita Pura 0031,AMD Ryzen 3 7320U,AMD Radeon 660M,8,256,16.0,1920x1080,60,0,1.4,47,10730000,,81,Hoc tap - Van phong,,https://example-retailer.vn/mock,2026-01-15,OFFICE
HP-00032,HP,4,Pavilion,HP Pavilion 0032,AMD Ryzen 5 7535HS,AMD Radeon 780M,8,512,16.0,1920x1080,60,0,1.68,51,15900000,,146,Hoc tap - Van phong,,https://example-retailer.vn/mock,2026-01-15,OFFICE
DEL-00033,Dell,5,Alienware M,Dell Alienware M 0033,Intel Core i7-13700H,NVIDIA GeForce RTX 3060 Laptop,64,1024,15.6,1920x1080,240,1,2.44,64,57140000,,158,Laptop Gaming,,https://example-retailer.vn/mock,2026-01-15,GAMING
DEL-00034,Dell,5,Alienware M,Dell Alienware M 0034,Intel Core i5-12500H,NVIDIA GeForce RTX 4080 Laptop,16,512,16.0,1920x1080,60,0,2.61,38,51620000,55910000,74,Laptop Gaming,,https://example-retailer.vn/mock,2026-01-15,GAMING
MSI-00035,MSI,3,Raider,MSI Raider 0035,AMD Ryzen 5 7535HS,NVIDIA RTX A2000 Laptop,16,512,17.3,1920x1080,240,1,2.59,72,29300000,37680000,156,Laptop Gaming,,https://example-retailer.vn/mock,2026-01-15,GAMING
HUA-00036,Huawei,3,MateBook D,Huawei MateBook D 0036,Intel Pentium Silver N6000,Intel UHD Graphics,8,256,14.0,1920x1080,60,0,1.31,53,12640000,,44,Hoc tap - Van phong,,https://example-retailer.vn/mock,2026-01-15,OFFICE
AVI-00037,Avita,1,Pura,Avita Pura 0037,Intel Pentium Silver N6000,Intel UHD Graphics,4,256,16.0,1920x1080,60,0,1.52,43,8450000,,47,Hoc tap - Van phong,,https://example-retailer.vn/mock,2026-01-15,OFFICE
DEL-00038,Dell,5,Alienware M,Dell Alienware M 0038,AMD Ryzen 7 7735HS,NVIDIA GeForce RTX 4080 Laptop,16,512,16.1,1920x1080,165,0,2.75,76,53050000,,156,Laptop Gaming,,https://example-retailer.vn/mock,2026-01-15,GAMING
DEL-00039,Dell,5,Latitude,Dell Latitude 0039,Intel Core i5-1235U,Intel UHD Graphics (Alder Lake),8,512,15.6,1920x1080,60,0,1.45,49,19250000,,91,Hoc tap - Van phong,,https://example-retailer.vn/mock,2026-01-15,OFFICE
MAS-00040,Masstel,1,Nobel,Masstel Nobel 0040,Intel Core i5-1235U,Intel Iris Xe Graphics,8,512,15.6,1920x1080,60,0,1.54,55,13080000,,62,Hoc tap - Van phong,,https://example-retailer.vn/mock,2026-01-15,OFFICE
LG-00041,LG,4,Gram Pro,LG Gram Pro 0041,AMD Ryzen 7 7735HS,NVIDIA GeForce RTX 4070 Laptop,32,512,17.3,1920x1080,240,1,2.77,79,49380000,65100000,279,Laptop Gaming,,https://example-retailer.vn/mock,2026-01-15,GAMING
DEL-00042,Dell,5,G15,Dell G15 0042,Intel Core i7-12700H,NVIDIA GeForce RTX 3050 Ti Laptop,16,512,15.6,1920x1080,144,0,2.37,80,33740000,,79,Laptop Gaming,,https://example-retailer.vn/mock,2026-01-15,GAMING
ACE-00043,Acer,3,Swift,Acer Swift 0043,Intel Core i7-1355U,Intel UHD Graphics,16,1024,16.0,1920x1080,120,0,1.4,45,20290000,,70,Mong nhe,,https://example-retailer.vn/mock,2026-01-15,ULTRABOOK
ACE-00044,Acer,3,TravelMate,Acer TravelMate 0044,Intel Core i5-12500H,NVIDIA RTX A2000 Laptop,16,512,14.0,1920x1080,60,0,2.1,50,23010000,,42,Hoc tap - Van phong,,https://example-retailer.vn/mock,2026-01-15,OFFICE
LEN-00045,Lenovo,4,ThinkPad E,Lenovo ThinkPad E 0045,Intel Core i5-1235U,Intel UHD Graphics (Alder Lake),32,512,15.6,1920x1080,60,0,1.55,47,22360000,,62,Hoc tap - Van phong,,https://example-retailer.vn/mock,2026-01-15,OFFICE
GIG-00046,Gigabyte,3,G5,Gigabyte G5 0046,AMD Ryzen 5 7535HS,NVIDIA GeForce RTX 3060 Laptop,32,512,16.0,2560x1440,165,1,2.4,90,32000000,,108,Laptop Gaming,,https://example-retailer.vn/mock,2026-01-15,GAMING
LG-00047,LG,4,Gram Pro,LG Gram Pro 0047,AMD Ryzen 7 5800H,NVIDIA RTX A2000 Laptop,8,1024,15.6,1920x1080,144,1,2.31,63,37100000,44660000,181,Laptop Gaming,,https://example-retailer.vn/mock,2026-01-15,GAMING
ASU-00048,ASUS,4,VivoBook,ASUS VivoBook 0048,AMD Ryzen 7 7735HS,AMD Radeon Graphics (Vega),16,1024,15.6,1920x1080,60,0,1.55,49,27210000,30040000,100,Hoc tap - Van phong,,https://example-retailer.vn/mock,2026-01-15,OFFICE
HUA-00049,Huawei,3,MateBook X,Huawei MateBook X 0049,AMD Ryzen 5 7530U,AMD Radeon 680M,8,512,14.0,1920x1200,60,1,1.02,61,17320000,21500000,222,Mong nhe,,https://example-retailer.vn/mock,2026-01-15,ULTRABOOK
HP-00050,HP,4,Pavilion,HP Pavilion 0050,Intel Core i7-1255U,Intel Iris Xe Graphics,8,512,16.0,1920x1200,60,0,1.34,63,19240000,21120000,120,Hoc tap - Van phong,,https://example-retailer.vn/mock,2026-01-15,OFFICE
ACE-00051,Acer,3,Predator Helios,Acer Predator Helios 0051,Intel Core i7-1355U,NVIDIA GeForce MX550,32,512,13.6,2560x1600,120,1,1.74,55,26110000,29230000,131,Do hoa - Ky thuat,,https://example-retailer.vn/mock,2026-01-15,CREATOR
GIG-00052,Gigabyte,3,Aorus,Gigabyte Aorus 0052,Intel Core i7-1260P,Intel UHD Graphics (Alder Lake),32,512,14.0,1920x1080,60,1,1.32,52,25730000,,49,Do hoa - Ky thuat,,https://example-retailer.vn/mock,2026-01-15,CREATOR
HUA-00053,Huawei,3,MateBook D,Huawei MateBook D 0053,Intel Pentium Silver N6000,Intel UHD Graphics,8,512,15.6,1920x1080,60,0,1.62,49,13220000,15880000,126,Hoc tap - Van phong,,https://example-retailer.vn/mock,2026-01-15,OFFICE
ASU-00054,ASUS,4,ProArt,ASUS ProArt 0054,AMD Ryzen 5 7530U,NVIDIA GeForce MX550,8,256,13.6,1920x1200,60,1,1.99,71,17680000,,137,Laptop Gaming,,https://example-retailer.vn/mock,2026-01-15,GAMING
GIG-00055,Gigabyte,3,G5,Gigabyte G5 0055,Intel Core i5-1335U,Intel Iris Xe Graphics,16,1024,16.0,1920x1080,120,0,1.46,54,21270000,,92,Hoc tap - Van phong,,https://example-retailer.vn/mock,2026-01-15,OFFICE
APP-00056,Apple,5,MacBook Air,Apple MacBook Air 0056,Apple M2,Apple GPU 8-core,16,512,16.0,2560x1600,90,1,1.53,70,32020000,,116,Mong nhe,,https://example-retailer.vn/mock,2026-01-15,ULTRABOOK
LG-00057,LG,4,Gram,LG Gram 0057,AMD Ryzen 7 5800H,AMD Radeon 660M,16,256,15.6,1920x1200,60,0,1.39,40,23150000,,146,Hoc tap - Van phong,,https://example-retailer.vn/mock,2026-01-15,OFFICE
GIG-00058,Gigabyte,3,G5,Gigabyte G5 0058,Intel Core i7-1260P,Intel Iris Xe Graphics,8,512,15.6,1920x1200,60,0,1.44,40,16840000,18130000,68,Hoc tap - Van phong,,https://example-retailer.vn/mock,2026-01-15,OFFICE
APP-00059,Apple,5,MacBook Air,Apple MacBook Air 0059,Apple M1,Apple GPU 10-core,16,256,14.0,1920x1200,120,0,1.09,58,31820000,,156,Mong nhe,,https://example-retailer.vn/mock,2026-01-15,ULTRABOOK
LG-00060,LG,4,Gram Pro,LG Gram Pro 0060,AMD Ryzen 5 7535HS,NVIDIA GeForce RTX 3060 Laptop,8,512,16.1,1920x1080,165,1,2.18,88,36730000,,96,Laptop Gaming,,https://example-retailer.vn/mock,2026-01-15,GAMING
HP-00061,HP,4,Victus,HP Victus 0061,AMD Ryzen 7 5800H,NVIDIA GeForce RTX 3050 Ti Laptop,16,512,14.0,1920x1080,60,1,2.14,40,25750000,,118,Laptop Gaming,,https://example-retailer.vn/mock,2026-01-15,GAMING
LG-00062,LG,4,Gram,LG Gram 0062,Intel Core i7-12700H,Intel UHD Graphics (Alder Lake),32,512,16.0,1920x1080,60,0,1.67,55,31570000,,168,Hoc tap - Van phong,,https://example-retailer.vn/mock,2026-01-15,OFFICE
MSI-00063,MSI,3,Raider,MSI Raider 0063,Intel Core i7-13620H,NVIDIA GeForce RTX 4080 Laptop,16,512,16.0,3840x2160,90,1,2.52,68,44170000,,43,Do hoa - Ky thuat,,https://example-retailer.vn/mock,2026-01-15,CREATOR
LG-00064,LG,4,Gram,LG Gram 0064,AMD Ryzen 5 5500U,NVIDIA GeForce RTX 2050,16,512,15.6,1920x1080,60,0,2.23,44,23450000,29270000,97,Hoc tap - Van phong,,https://example-retailer.vn/mock,2026-01-15,OFFICE
HP-00065,HP,4,Envy x360,HP Envy x360 0065,AMD Ryzen 7 7730U,AMD Radeon 680M,32,256,14.5,1920x1200,60,0,1.12,53,22420000,29200000,192,Mong nhe,,https://example-retailer.vn/mock,2026-01-15,ULTRABOOK
LEN-00066,Lenovo,4,Legion,Lenovo Legion 0066,Intel Core i9-13900H,NVIDIA GeForce RTX 3050 Ti Laptop,32,512,17.3,1920x1080,165,0,2.28,79,38250000,,134,Laptop Gaming,,https://example-retailer.vn/mock,2026-01-15,GAMING
HUA-00067,Huawei,3,MateBook 16s,Huawei MateBook 16s 0067,AMD Ryzen 7 7840HS,AMD Radeon RX 6600M,32,512,16.0,3840x2160,120,1,2.37,61,41660000,50600000,44,Do hoa - Ky thuat,,https://example-retailer.vn/mock,2026-01-15,CREATOR
MSI-00068,MSI,3,Modern,MSI Modern 0068,Intel Core i7-12700H,Intel UHD Graphics,16,512,15.6,1920x1080,60,0,1.36,45,24370000,26630000,99,Hoc tap - Van phong,,https://example-retailer.vn/mock,2026-01-15,OFFICE
HP-00069,HP,4,Victus,HP Victus 0069,Intel Core i7-12700H,NVIDIA GeForce RTX 3060 Laptop,16,512,16.0,1920x1080,240,0,2.07,62,34750000,41340000,140,Laptop Gaming,,https://example-retailer.vn/mock,2026-01-15,GAMING
AVI-00070,Avita,1,Pura,Avita Pura 0070,AMD Ryzen 5 5500U,AMD Radeon 660M,16,512,15.6,1920x1080,60,0,1.58,50,13760000,16470000,71,Hoc tap - Van phong,,https://example-retailer.vn/mock,2026-01-15,OFFICE
LG-00071,LG,4,Gram Pro,LG Gram Pro 0071,Intel Core i9-13900H,NVIDIA GeForce RTX 3050 Ti Laptop,16,1024,15.6,3840x2160,120,1,2.33,97,49320000,,93,Do hoa - Ky thuat,,https://example-retailer.vn/mock,2026-01-15,CREATOR
MAS-00072,Masstel,1,Nobel,Masstel Nobel 0072,AMD Ryzen 5 5500U,AMD Radeon 660M,16,512,15.6,1920x1080,120,0,1.25,45,13510000,15680000,142,Mong nhe,,https://example-retailer.vn/mock,2026-01-15,ULTRABOOK
MSI-00073,MSI,3,Raider,MSI Raider 0073,Intel Core i5-12500H,NVIDIA GeForce RTX 4050 Laptop,16,512,17.3,2560x1440,144,0,2.48,81,25890000,28230000,194,Laptop Gaming,,https://example-retailer.vn/mock,2026-01-15,GAMING
MSI-00074,MSI,3,Creator,MSI Creator 0074,Intel Core i9-13900H,NVIDIA GeForce RTX 4080 Laptop,16,512,15.6,3840x2160,120,0,2.62,75,49380000,,64,Laptop Gaming,,https://example-retailer.vn/mock,2026-01-15,GAMING
APP-00075,Apple,5,MacBook Air,Apple MacBook Air 0075,Apple M2,Apple GPU 10-core,16,512,14.0,2560x1600,120,0,1.15,63,38240000,42340000,133,Mong nhe,,https://example-retailer.vn/mock,2026-01-15,ULTRABOOK
ASU-00076,ASUS,4,TUF Gaming,ASUS TUF Gaming 0076,AMD Ryzen 5 7535HS,NVIDIA GeForce RTX 4050 Laptop,8,1024,16.0,1920x1080,120,1,2.42,61,29490000,39280000,234,Do hoa - Ky thuat,,https://example-retailer.vn/mock,2026-01-15,CREATOR
LG-00077,LG,4,Gram,LG Gram 0077,Intel Core i7-1255U,Intel UHD Graphics,8,1024,16.0,1920x1080,60,0,1.29,60,23350000,,102,Mong nhe,,https://example-retailer.vn/mock,2026-01-15,ULTRABOOK
DEL-00078,Dell,5,Alienware M,Dell Alienware M 0078,AMD Ryzen 7 7735HS,NVIDIA GeForce RTX 4070 Laptop,16,512,15.6,2560x1440,120,1,2.61,81,46490000,,135,Laptop Gaming,,https://example-retailer.vn/mock,2026-01-15,GAMING
LEN-00079,Lenovo,4,IdeaPad Slim,Lenovo IdeaPad Slim 0079,Intel Core i3-1215U,Intel UHD Graphics,4,256,16.0,1920x1200,60,0,1.66,44,12000000,,100,Hoc tap - Van phong,,https://example-retailer.vn/mock,2026-01-15,OFFICE
ASU-00080,ASUS,4,VivoBook,ASUS VivoBook 0080,AMD Ryzen 5 5500U,AMD Radeon 680M,16,256,15.6,1920x1080,60,0,1.43,45,14890000,,35,Hoc tap - Van phong,,https://example-retailer.vn/mock,2026-01-15,OFFICE
HP-00081,HP,4,240 G9,HP 240 G9 0081,Intel Core i7-1260P,Intel UHD Graphics,16,1024,16.0,1920x1080,60,1,1.45,61,23980000,,42,Hoc tap - Van phong,,https://example-retailer.vn/mock,2026-01-15,OFFICE
GIG-00082,Gigabyte,3,G5,Gigabyte G5 0082,Intel Celeron N4500,Intel UHD Graphics,8,128,16.0,1920x1080,60,0,1.46,54,11710000,,127,Hoc tap - Van phong,,https://example-retailer.vn/mock,2026-01-15,OFFICE
LG-00083,LG,4,Gram,LG Gram 0083,Intel Core i5-1235U,NVIDIA GeForce MX550,16,512,15.6,1366x768,60,0,2.3,48,23640000,26410000,139,Hoc tap - Van phong,,https://example-retailer.vn/mock,2026-01-15,OFFICE
HUA-00084,Huawei,3,MateBook X,Huawei MateBook X 0084,AMD Ryzen 5 7530U,AMD Radeon 660M,8,512,14.5,2560x1600,60,1,1.07,61,17270000,19580000,203,Mong nhe,,https://example-retailer.vn/mock,2026-01-15,ULTRABOOK
APP-00085,Apple,5,MacBook Air,Apple MacBook Air 0085,Apple M1,Apple GPU 10-core,16,512,13.6,2560x1600,60,1,1.03,57,30790000,35650000,115,Mong nhe,,https://example-retailer.vn/mock,2026-01-15,ULTRABOOK
HUA-00086,Huawei,3,MateBook 16s,Huawei MateBook 16s 0086,AMD Ryzen 9 7940HS,NVIDIA GeForce RTX 3060 Laptop,32,512,16.1,2560x1440,165,0,2.43,58,37640000,,114,Laptop Gaming,,https://example-retailer.vn/mock,2026-01-15,GAMING
HP-00087,HP,4,ProBook,HP ProBook 0087,Intel Core i7-1255U,Intel UHD Graphics,16,512,15.6,1920x1080,60,0,1.53,52,19270000,,155,Hoc tap - Van phong,,https://example-retailer.vn/mock,2026-01-15,OFFICE
ACE-00088,Acer,3,Nitro,Acer Nitro 0088,AMD Ryzen 9 7940HS,NVIDIA GeForce RTX 3060 Laptop,16,1024,16.0,2560x1440,144,1,2.37,57,37180000,45420000,124,Laptop Gaming,,https://example-retailer.vn/mock,2026-01-15,GAMING
LEN-00089,Lenovo,4,IdeaPad Slim,Lenovo IdeaPad Slim 0089,AMD Ryzen 3 7320U,AMD Radeon Graphics (Vega),8,256,15.6,1920x1080,60,0,1.28,53,12360000,,178,Hoc tap - Van phong,,https://example-retailer.vn/mock,2026-01-15,OFFICE
DEL-00090,Dell,5,Alienware M,Dell Alienware M 0090,Intel Core i5-13420H,NVIDIA GeForce RTX 4050 Laptop,16,512,16.2,2560x1600,60,1,2.3,74,33130000,,177,Laptop Gaming,,https://example-retailer.vn/mock,2026-01-15,GAMING
GIG-00091,Gigabyte,3,G5,Gigabyte G5 0091,Intel Core i7-12700H,Intel Iris Xe Graphics,8,512,16.0,1366x768,60,0,1.52,34,17180000,,123,Hoc tap - Van phong,,https://example-retailer.vn/mock,2026-01-15,OFFICE
HP-00092,HP,4,Victus,HP Victus 0092,Intel Core i5-1235U,NVIDIA GeForce RTX 2050,8,512,14.5,2560x1600,90,1,1.94,54,22520000,,65,Do hoa - Ky thuat,,https://example-retailer.vn/mock,2026-01-15,CREATOR
LG-00093,LG,4,Gram,LG Gram 0093,AMD Ryzen 5 7535HS,AMD Radeon 680M,16,512,14.0,1920x1080,120,1,1.33,56,27690000,,146,Mong nhe,,https://example-retailer.vn/mock,2026-01-15,ULTRABOOK
LG-00094,LG,4,Gram Pro,LG Gram Pro 0094,AMD Ryzen 7 5800H,NVIDIA GeForce RTX 3060 Laptop,16,512,17.3,1920x1080,165,1,2.52,63,37580000,47320000,105,Laptop Gaming,,https://example-retailer.vn/mock,2026-01-15,GAMING
MSI-00095,MSI,3,Modern,MSI Modern 0095,Intel Core i7-1355U,Intel UHD Graphics,16,512,15.6,1920x1080,60,1,1.34,56,20330000,,188,Hoc tap - Van phong,,https://example-retailer.vn/mock,2026-01-15,OFFICE
GIG-00096,Gigabyte,3,G5,Gigabyte G5 0096,AMD Ryzen 5 5500U,AMD Radeon 680M,16,512,15.6,1920x1080,120,0,1.39,49,19380000,,85,Hoc tap - Van phong,,https://example-retailer.vn/mock,2026-01-15,OFFICE
HP-00097,HP,4,Victus,HP Victus 0097,AMD Ryzen 7 7735HS,NVIDIA GeForce RTX 4070 Laptop,16,512,16.0,2560x1600,90,1,2.57,88,42490000,49540000,119,Laptop Gaming,,https://example-retailer.vn/mock,2026-01-15,GAMING
LEN-00098,Lenovo,4,IdeaPad Slim,Lenovo IdeaPad Slim 0098,AMD Ryzen 5 5500U,AMD Radeon 660M,16,512,15.6,1920x1080,120,0,1.37,46,18070000,23520000,182,Hoc tap - Van phong,,https://example-retailer.vn/mock,2026-01-15,OFFICE
GIG-00099,Gigabyte,3,Aero,Gigabyte Aero 0099,AMD Ryzen 3 7320U,AMD Radeon Graphics (Vega),8,512,13.3,1920x1200,60,1,1.1,69,15260000,,105,Mong nhe,,https://example-retailer.vn/mock,2026-01-15,ULTRABOOK
LG-00100,LG,4,Gram,LG Gram 0100,Intel Core i7-1260P,Intel Iris Xe Graphics,16,512,14.0,1920x1080,60,1,1.33,38,24200000,29720000,210,Mong nhe,,https://example-retailer.vn/mock,2026-01-15,ULTRABOOK
MAS-00101,Masstel,1,Nobel,Masstel Nobel 0101,AMD Ryzen 5 5500U,AMD Radeon 680M,8,512,15.6,1920x1200,60,0,1.55,44,11660000,,50,Hoc tap - Van phong,,https://example-retailer.vn/mock,2026-01-15,OFFICE
MSI-00102,MSI,3,Katana,MSI Katana 0102,Intel Core i7-1255U,NVIDIA GeForce MX550,16,512,16.0,1366x768,60,0,2.48,41,21270000,23950000,107,Laptop Gaming,,https://example-retailer.vn/mock,2026-01-15,GAMING
APP-00103,Apple,5,MacBook Air,Apple MacBook Air 0103,Apple M2,Apple GPU 8-core,8,256,13.3,1920x1200,90,0,1.07,67,30420000,,173,Mong nhe,,https://example-retailer.vn/mock,2026-01-15,ULTRABOOK
LG-00104,LG,4,Gram Pro,LG Gram Pro 0104,AMD Ryzen 7 5800H,NVIDIA GeForce RTX 4050 Laptop,16,1024,15.6,2560x1600,60,1,2.25,85,41670000,,84,Do hoa - Ky thuat,,https://example-retailer.vn/mock,2026-01-15,CREATOR
GIG-00105,Gigabyte,3,Aorus,Gigabyte Aorus 0105,AMD Ryzen 9 7940HS,AMD Radeon RX 6600M,32,512,16.1,2560x1440,144,0,2.24,63,37890000,,104,Laptop Gaming,,https://example-retailer.vn/mock,2026-01-15,GAMING
HUA-00106,Huawei,3,MateBook D,Huawei MateBook D 0106,Intel Core i7-12700H,Intel Iris Xe Graphics,32,1024,16.0,1920x1080,60,0,1.48,53,25170000,,106,Hoc tap - Van phong,,https://example-retailer.vn/mock,2026-01-15,OFFICE
ACE-00107,Acer,3,Predator Helios,Acer Predator Helios 0107,AMD Ryzen 5 7535HS,NVIDIA GeForce RTX 3050 Laptop,16,512,17.3,1920x1080,144,0,2.39,66,21350000,24830000,103,Laptop Gaming,,https://example-retailer.vn/mock,2026-01-15,GAMING
LG-00108,LG,4,Gram Pro,LG Gram Pro 0108,Intel Core i9-13900H,NVIDIA GeForce RTX 3050 Laptop,16,2048,16.0,1920x1200,60,1,2.25,75,44260000,,135,Laptop Gaming,,https://example-retailer.vn/mock,2026-01-15,GAMING
ACE-00109,Acer,3,Predator Helios,Acer Predator Helios 0109,Intel Core i7-13700H,NVIDIA GeForce RTX 3060 Laptop,32,512,16.1,1920x1080,120,1,2.28,67,34630000,44230000,150,Do hoa - Ky thuat,,https://example-retailer.vn/mock,2026-01-15,CREATOR
ACE-00110,Acer,3,Aspire,Acer Aspire 0110,Intel Core i3-1215U,Intel UHD Graphics,4,256,16.0,1920x1080,60,0,1.34,42,10990000,,156,Hoc tap - Van phong,,https://example-retailer.vn/mock,2026-01-15,OFFICE
HP-00111,HP,4,Omen,HP Omen 0111,AMD Ryzen 7 5800H,NVIDIA GeForce RTX 3050 Ti Laptop,16,512,15.6,1920x1080,144,0,2.58,66,27270000,,155,Laptop Gaming,,https://example-retailer.vn/mock,2026-01-15,GAMING
HUA-00112,Huawei,3,MateBook D,Huawei MateBook D 0112,Intel Core i7-1255U,Intel Iris Xe Graphics,8,512,15.6,1920x1200,60,1,1.52,57,19260000,,109,Hoc tap - Van phong,,https://example-retailer.vn/mock,2026-01-15,OFFICE
LEN-00113,Lenovo,4,ThinkPad E,Lenovo ThinkPad E 0113,AMD Ryzen 3 7320U,AMD Radeon 680M,4,256,15.6,1920x1080,60,0,1.43,49,13590000,,70,Hoc tap - Van phong,,https://example-retailer.vn/mock,2026-01-15,OFFICE
LEN-00114,Lenovo,4,Legion,Lenovo Legion 0114,AMD Ryzen 9 7940HS,NVIDIA GeForce RTX 3050 Ti Laptop,16,512,15.6,2560x1440,144,1,2.32,73,33540000,,143,Laptop Gaming,,https://example-retailer.vn/mock,2026-01-15,GAMING
ASU-00115,ASUS,4,ExpertBook,ASUS ExpertBook 0115,AMD Ryzen 5 5500U,AMD Radeon 680M,8,512,15.6,1920x1080,60,0,1.48,61,14710000,,117,Hoc tap - Van phong,,https://example-retailer.vn/mock,2026-01-15,OFFICE
HP-00116,HP,4,Victus,HP Victus 0116,Intel Core i9-13900H,NVIDIA GeForce RTX 4070 Laptop,32,512,16.0,3840x2160,120,1,2.76,60,51700000,,79,Laptop Gaming,,https://example-retailer.vn/mock,2026-01-15,GAMING
ACE-00117,Acer,3,Predator Helios,Acer Predator Helios 0117,Intel Core i7-13620H,NVIDIA GeForce RTX 3050 Laptop,16,512,15.6,1920x1080,60,1,2.47,47,24680000,,167,Do hoa - Ky thuat,,https://example-retailer.vn/mock,2026-01-15,CREATOR
DEL-00118,Dell,5,Alienware M,Dell Alienware M 0118,Intel Core i9-13900H,NVIDIA GeForce RTX 4050 Laptop,32,512,17.3,2560x1440,165,0,2.35,81,46530000,56160000,133,Laptop Gaming,,https://example-retailer.vn/mock,2026-01-15,GAMING
AVI-00119,Avita,1,Pura,Avita Pura 0119,Intel Celeron N4500,Intel UHD Graphics,8,512,14.0,1920x1080,60,0,1.51,39,8550000,,42,Hoc tap - Van phong,,https://example-retailer.vn/mock,2026-01-15,OFFICE
ACE-00120,Acer,3,Predator Helios,Acer Predator Helios 0120,AMD Ryzen 7 7735HS,NVIDIA GeForce RTX 4060 Laptop,32,256,15.6,1920x1080,60,0,2.46,60,32220000,35880000,195,Laptop Gaming,,https://example-retailer.vn/mock,2026-01-15,GAMING
GIG-00121,Gigabyte,3,G5,Gigabyte G5 0121,Intel Core i7-1255U,Intel UHD Graphics (Alder Lake),8,512,15.6,1920x1080,60,0,1.52,59,16390000,,118,Hoc tap - Van phong,,https://example-retailer.vn/mock,2026-01-15,OFFICE
HUA-00122,Huawei,3,MateBook 16s,Huawei MateBook 16s 0122,AMD Ryzen 7 7840HS,NVIDIA GeForce RTX 3050 Laptop,32,1024,15.6,2560x1440,144,1,2.3,55,37370000,40520000,95,Laptop Gaming,,https://example-retailer.vn/mock,2026-01-15,GAMING
MSI-00123,MSI,3,Modern,MSI Modern 0123,Intel Core i7-1255U,Intel Iris Xe Graphics,16,512,16.0,1920x1200,60,0,1.44,32,17300000,,119,Hoc tap - Van phong,,https://example-retailer.vn/mock,2026-01-15,OFFICE
HP-00124,HP,4,Envy x360,HP Envy x360 0124,AMD Ryzen 7 7730U,AMD Radeon Graphics (Vega),16,512,16.0,1920x1080,120,0,1.49,39,22770000,,142,Mong nhe,,https://example-retailer.vn/mock,2026-01-15,ULTRABOOK
HUA-00125,Huawei,3,MateBook 16s,Huawei MateBook 16s 0125,Intel Core i7-13700H,NVIDIA GeForce RTX 4080 Laptop,32,1024,16.0,1920x1080,144,1,2.61,64,47290000,62080000,120,Laptop Gaming,,https://example-retailer.vn/mock,2026-01-15,GAMING
HUA-00126,Huawei,3,MateBook 16s,Huawei MateBook 16s 0126,Intel Core i7-14700HX,NVIDIA GeForce RTX 4060 Laptop,16,512,17.3,1920x1080,165,1,2.91,83,42240000,,71,Laptop Gaming,,https://example-retailer.vn/mock,2026-01-15,GAMING
MSI-00127,MSI,3,Creator,MSI Creator 0127,AMD Ryzen 7 7840HS,NVIDIA RTX A2000 Laptop,16,1024,15.6,1920x1080,165,0,2.42,66,39710000,,101,Laptop Gaming,,https://example-retailer.vn/mock,2026-01-15,GAMING
HUA-00128,Huawei,3,MateBook D,Huawei MateBook D 0128,Intel Core i5-1235U,Intel Iris Xe Graphics,16,256,15.6,1920x1080,60,0,1.38,44,15880000,16930000,148,Hoc tap - Van phong,,https://example-retailer.vn/mock,2026-01-15,OFFICE
MSI-00129,MSI,3,Raider,MSI Raider 0129,AMD Ryzen 5 7535HS,NVIDIA GeForce MX550,16,1024,15.6,1920x1080,60,0,2.49,51,23290000,27190000,134,Laptop Gaming,,https://example-retailer.vn/mock,2026-01-15,GAMING
LG-00130,LG,4,Gram,LG Gram 0130,Intel Core i5-1240P,Intel Iris Xe Graphics,8,512,15.6,1920x1080,120,0,1.49,53,19990000,21770000,241,Hoc tap - Van phong,,https://example-retailer.vn/mock,2026-01-15,OFFICE
LG-00131,LG,4,Gram Pro,LG Gram Pro 0131,Intel Core i7-12700H,Intel UHD Graphics,32,512,15.6,1366x768,60,0,1.64,44,33410000,,103,Do hoa - Ky thuat,,https://example-retailer.vn/mock,2026-01-15,CREATOR
HP-00132,HP,4,Spectre,HP Spectre 0132,Intel Core i3-1215U,Intel UHD Graphics (Alder Lake),8,512,14.0,1920x1200,60,0,1.26,71,13870000,,121,Mong nhe,,https://example-retailer.vn/mock,2026-01-15,ULTRABOOK
HUA-00133,Huawei,3,MateBook X,Huawei MateBook X 0133,Intel Core i7-1255U,Intel UHD Graphics (Alder Lake),16,512,16.0,1366x768,120,0,1.49,57,19480000,,77,Mong nhe,,https://example-retailer.vn/mock,2026-01-15,ULTRABOOK
MAS-00134,Masstel,1,Nobel,Masstel Nobel 0134,AMD Ryzen 5 5500U,AMD Radeon Graphics (Vega),16,256,15.6,1920x1080,60,0,1.41,39,11360000,14730000,127,Hoc tap - Van phong,,https://example-retailer.vn/mock,2026-01-15,OFFICE
MAS-00135,Masstel,1,Nobel,Masstel Nobel 0135,AMD Ryzen 5 7530U,AMD Radeon 660M,16,512,14.5,1920x1200,90,1,1.16,50,16280000,,48,Mong nhe,,https://example-retailer.vn/mock,2026-01-15,ULTRABOOK
ACE-00136,Acer,3,Swift,Acer Swift 0136,Intel Core i5-1235U,Intel Iris Xe Graphics,16,256,14.5,2560x1600,120,1,1.11,57,16920000,20530000,231,Mong nhe,,https://example-retailer.vn/mock,2026-01-15,ULTRABOOK
DEL-00137,Dell,5,Latitude,Dell Latitude 0137,AMD Ryzen 3 7320U,AMD Radeon Graphics (Vega),16,128,14.0,1920x1080,60,0,1.27,46,16530000,19460000,163,Hoc tap - Van phong,,https://example-retailer.vn/mock,2026-01-15,OFFICE
APP-00138,Apple,5,MacBook Air,Apple MacBook Air 0138,Apple M2,Apple GPU 8-core,16,512,16.2,2560x1600,60,1,1.52,50,39460000,,136,Mong nhe,,https://example-retailer.vn/mock,2026-01-15,ULTRABOOK
ASU-00139,ASUS,4,ExpertBook,ASUS ExpertBook 0139,Intel Core i5-13420H,Intel UHD Graphics,16,512,15.6,1920x1080,60,0,1.57,40,20110000,,61,Hoc tap - Van phong,,https://example-retailer.vn/mock,2026-01-15,OFFICE
APP-00140,Apple,5,MacBook Air,Apple MacBook Air 0140,Apple M2,Apple GPU 10-core,16,512,14.0,2560x1600,120,0,1.2,64,36020000,40360000,193,Mong nhe,,https://example-retailer.vn/mock,2026-01-15,ULTRABOOK
GIG-00141,Gigabyte,3,Aero,Gigabyte Aero 0141,AMD Ryzen 3 7320U,AMD Radeon 680M,4,256,14.5,2560x1600,60,1,1.27,69,13990000,,48,Mong nhe,,https://example-retailer.vn/mock,2026-01-15,ULTRABOOK
AVI-00142,Avita,1,Pura,Avita Pura 0142,Intel Core i7-1255U,Intel UHD Graphics,8,512,15.6,1366x768,60,1,1.44,51,14830000,,73,Hoc tap - Van phong,,https://example-retailer.vn/mock,2026-01-15,OFFICE
ACE-00143,Acer,3,Aspire,Acer Aspire 0143,AMD Ryzen 3 7320U,AMD Radeon Graphics (Vega),8,128,13.3,2560x1600,60,0,1.17,50,12420000,,115,Hoc tap - Van phong,,https://example-retailer.vn/mock,2026-01-15,OFFICE
HP-00144,HP,4,Omen,HP Omen 0144,Intel Core i5-13420H,NVIDIA GeForce RTX 4080 Laptop,32,512,16.2,1920x1200,120,1,2.64,70,44220000,46920000,66,Laptop Gaming,,https://example-retailer.vn/mock,2026-01-15,GAMING
ACE-00145,Acer,3,Swift,Acer Swift 0145,Intel Core i7-1355U,Intel UHD Graphics (Alder Lake),32,512,15.6,1920x1200,60,0,1.38,37,23930000,30360000,178,Mong nhe,,https://example-retailer.vn/mock,2026-01-15,ULTRABOOK
ACE-00146,Acer,3,Swift,Acer Swift 0146,Intel Core i5-1235U,Intel Iris Xe Graphics,8,256,15.6,1920x1080,60,0,1.18,66,11850000,,31,Mong nhe,,https://example-retailer.vn/mock,2026-01-15,ULTRABOOK
LEN-00147,Lenovo,4,Legion,Lenovo Legion 0147,AMD Ryzen 9 7940HS,NVIDIA GeForce RTX 4070 Laptop,32,512,15.6,1920x1080,240,1,2.67,82,52700000,,122,Laptop Gaming,,https://example-retailer.vn/mock,2026-01-15,GAMING
DEL-00148,Dell,5,Alienware M,Dell Alienware M 0148,Intel Core i7-13700H,NVIDIA GeForce RTX 4050 Laptop,32,1024,15.6,1920x1080,144,1,2.11,71,41340000,,68,Laptop Gaming,,https://example-retailer.vn/mock,2026-01-15,GAMING
MSI-00149,MSI,3,Creator,MSI Creator 0149,AMD Ryzen 7 7735HS,NVIDIA GeForce RTX 4050 Laptop,16,1024,16.1,1920x1080,165,0,2.24,83,30350000,,86,Laptop Gaming,,https://example-retailer.vn/mock,2026-01-15,GAMING
ASU-00150,ASUS,4,TUF Gaming,ASUS TUF Gaming 0150,AMD Ryzen 9 7940HS,AMD Radeon RX 6600M,32,1024,14.0,2560x1600,90,1,2.09,73,37940000,,130,Do hoa - Ky thuat,,https://example-retailer.vn/mock,2026-01-15,CREATOR
ASU-00151,ASUS,4,VivoBook,ASUS VivoBook 0151,Intel Core i7-1255U,Intel Iris Xe Graphics,8,512,15.6,1366x768,60,0,1.46,45,16760000,19770000,182,Hoc tap - Van phong,,https://example-retailer.vn/mock,2026-01-15,OFFICE
HUA-00152,Huawei,3,MateBook X,Huawei MateBook X 0152,AMD Ryzen 7 7735HS,AMD Radeon 660M,16,512,14.0,1920x1080,60,0,1.15,62,19650000,,67,Mong nhe,,https://example-retailer.vn/mock,2026-01-15,ULTRABOOK
LEN-00153,Lenovo,4,ThinkPad E,Lenovo ThinkPad E 0153,Intel Core i7-1255U,Intel UHD Graphics,8,512,15.6,1920x1080,120,0,1.38,50,17320000,,198,Hoc tap - Van phong,,https://example-retailer.vn/mock,2026-01-15,OFFICE
HP-00154,HP,4,Victus,HP Victus 0154,AMD Ryzen 5 7530U,NVIDIA GeForce RTX 2050,16,256,16.0,1920x1080,60,0,2.32,47,21490000,,101,Laptop Gaming,,https://example-retailer.vn/mock,2026-01-15,GAMING
HUA-00155,Huawei,3,MateBook 16s,Huawei MateBook 16s 0155,Intel Core i7-14700HX,NVIDIA GeForce RTX 4080 Laptop,32,1024,15.6,2560x1600,60,1,2.59,100,53650000,,161,Laptop Gaming,,https://example-retailer.vn/mock,2026-01-15,GAMING
MAS-00156,Masstel,1,Nobel,Masstel Nobel 0156,AMD Ryzen 3 7320U,AMD Radeon 660M,4,128,16.0,1366x768,60,0,1.45,46,8370000,10440000,51,Hoc tap - Van phong,,https://example-retailer.vn/mock,2026-01-15,OFFICE
HP-00157,HP,4,Envy x360,HP Envy x360 0157,Intel Core i5-12450H,Intel UHD Graphics,32,256,16.0,1920x1080,60,0,1.51,36,23070000,25930000,195,Mong nhe,,https://example-retailer.vn/mock,2026-01-15,ULTRABOOK
LG-00158,LG,4,Gram Pro,LG Gram Pro 0158,AMD Ryzen 7 7735HS,NVIDIA GeForce RTX 4060 Laptop,16,512,17.3,3840x2160,165,1,2.94,77,42190000,,106,Laptop Gaming,,https://example-retailer.vn/mock,2026-01-15,GAMING
AVI-00159,Avita,1,Pura,Avita Pura 0159,Intel Core i3-1215U,Intel Iris Xe Graphics,8,256,15.6,1920x1080,60,0,1.47,37,10480000,,39,Hoc tap - Van phong,,https://example-retailer.vn/mock,2026-01-15,OFFICE
GIG-00160,Gigabyte,3,Aorus,Gigabyte Aorus 0160,Intel Core i7-14700HX,NVIDIA GeForce RTX 4060 Laptop,32,2048,17.3,1920x1080,144,1,2.64,68,52960000,56690000,139,Laptop Gaming,,https://example-retailer.vn/mock,2026-01-15,GAMING
DEL-00161,Dell,5,G15,Dell G15 0161,Intel Core i7-13620H,NVIDIA GeForce RTX 4060 Laptop,16,512,15.6,2560x1440,144,0,2.62,70,40780000,,171,Laptop Gaming,,https://example-retailer.vn/mock,2026-01-15,GAMING
ASU-00162,ASUS,4,ZenBook,ASUS ZenBook 0162,Intel Core i7-13620H,Intel UHD Graphics,32,256,15.6,1920x1200,60,0,1.33,32,25690000,,212,Mong nhe,,https://example-retailer.vn/mock,2026-01-15,ULTRABOOK
MSI-00163,MSI,3,Raider,MSI Raider 0163,Intel Core i7-12700H,NVIDIA GeForce RTX 3060 Laptop,16,512,15.6,1920x1080,60,0,2.4,46,31800000,,107,Laptop Gaming,,https://example-retailer.vn/mock,2026-01-15,GAMING
LG-00164,LG,4,Gram Pro,LG Gram Pro 0164,Intel Core i7-13700H,NVIDIA GeForce RTX 4070 Laptop,32,512,15.6,1920x1200,90,1,2.66,61,52540000,,108,Laptop Gaming,,https://example-retailer.vn/mock,2026-01-15,GAMING
LG-00165,LG,4,Gram,LG Gram 0165,Intel Core i3-1215U,Intel UHD Graphics,8,256,15.6,1920x1080,60,0,1.6,52,15860000,,49,Hoc tap - Van phong,,https://example-retailer.vn/mock,2026-01-15,OFFICE
GIG-00166,Gigabyte,3,G5,Gigabyte G5 0166,AMD Ryzen 5 5500U,NVIDIA GeForce RTX 2050,16,512,14.0,1920x1080,60,1,2.16,52,20630000,,109,Laptop Gaming,,https://example-retailer.vn/mock,2026-01-15,GAMING
ASU-00167,ASUS,4,ROG Strix,ASUS ROG Strix 0167,AMD Ryzen 7 7735HS,NVIDIA GeForce RTX 4060 Laptop,16,256,17.3,1920x1080,120,1,2.63,79,37840000,,163,Do hoa - Ky thuat,,https://example-retailer.vn/mock,2026-01-15,CREATOR
HUA-00168,Huawei,3,MateBook 16s,Huawei MateBook 16s 0168,Intel Core i5-12450H,NVIDIA GeForce RTX 3050 Laptop,8,512,16.0,1920x1080,144,0,2.27,68,21390000,,101,Laptop Gaming,,https://example-retailer.vn/mock,2026-01-15,GAMING
LEN-00169,Lenovo,4,Legion,Lenovo Legion 0169,Intel Core i7-13700H,NVIDIA GeForce RTX 3060 Laptop,16,1024,16.0,2560x1440,144,1,2.44,54,32160000,,152,Laptop Gaming,,https://example-retailer.vn/mock,2026-01-15,GAMING
ACE-00170,Acer,3,Aspire,Acer Aspire 0170,Intel Core i5-12500H,Intel UHD Graphics,16,1024,14.0,1366x768,60,0,1.36,54,17750000,18720000,0,Hoc tap - Van phong,,https://example-retailer.vn/mock,2026-01-15,OFFICE
AVI-00171,Avita,1,Liber,Avita Liber 0171,AMD Ryzen 5 5500U,AMD Radeon 660M,16,512,14.0,1920x1200,120,0,1.3,53,13930000,,37,Mong nhe,,https://example-retailer.vn/mock,2026-01-15,ULTRABOOK
HUA-00172,Huawei,3,MateBook X,Huawei MateBook X 0172,Intel Core i5-1235U,Intel UHD Graphics (Alder Lake),8,512,13.3,2880x1800,90,0,0.99,53,16210000,,152,Mong nhe,,https://example-retailer.vn/mock,2026-01-15,ULTRABOOK
ASU-00173,ASUS,4,TUF Gaming,ASUS TUF Gaming 0173,Intel Core i7-13620H,NVIDIA GeForce RTX 4050 Laptop,32,512,16.0,2560x1600,120,1,2.26,80,34320000,,188,Do hoa - Ky thuat,,https://example-retailer.vn/mock,2026-01-15,CREATOR
ASU-00174,ASUS,4,ROG Strix,ASUS ROG Strix 0174,AMD Ryzen 5 5500U,NVIDIA GeForce MX550,8,512,16.0,1920x1080,60,1,2.42,50,20560000,27360000,241,Do hoa - Ky thuat,,https://example-retailer.vn/mock,2026-01-15,CREATOR
LG-00175,LG,4,Gram,LG Gram 0175,Intel Core i7-1255U,Intel UHD Graphics (Alder Lake),16,512,14.0,1920x1080,60,0,1.52,49,22130000,24690000,158,Mong nhe,,https://example-retailer.vn/mock,2026-01-15,ULTRABOOK
LG-00176,LG,4,Gram Pro,LG Gram Pro 0176,AMD Ryzen 7 7735HS,NVIDIA GeForce RTX 3050 Ti Laptop,16,256,16.0,1920x1080,165,1,2.22,78,39030000,45180000,193,Laptop Gaming,,https://example-retailer.vn/mock,2026-01-15,GAMING
HUA-00177,Huawei,3,MateBook D,Huawei MateBook D 0177,Intel Celeron N4500,Intel UHD Graphics,8,512,15.6,1366x768,60,0,1.42,46,12480000,,106,Hoc tap - Van phong,,https://example-retailer.vn/mock,2026-01-15,OFFICE
HP-00178,HP,4,Spectre,HP Spectre 0178,Intel Core i7-1260P,Intel UHD Graphics,16,512,14.0,1920x1080,60,0,1.31,50,23370000,,127,Mong nhe,,https://example-retailer.vn/mock,2026-01-15,ULTRABOOK
MAS-00179,Masstel,1,Nobel,Masstel Nobel 0179,Intel Pentium Silver N6000,Intel UHD Graphics,8,128,14.0,1920x1200,60,0,1.19,32,10050000,,32,Hoc tap - Van phong,,https://example-retailer.vn/mock,2026-01-15,OFFICE
HP-00180,HP,4,240 G9,HP 240 G9 0180,AMD Ryzen 7 7730U,AMD Radeon 680M,8,1024,15.6,1920x1080,60,0,1.55,43,19370000,24120000,165,Hoc tap - Van phong,,https://example-retailer.vn/mock,2026-01-15,OFFICE
LG-00181,LG,4,Gram Pro,LG Gram Pro 0181,Intel Core i5-12500H,NVIDIA GeForce RTX 2050,8,512,16.0,1920x1200,60,0,2.41,57,25800000,32070000,72,Laptop Gaming,,https://example-retailer.vn/mock,2026-01-15,GAMING
LG-00182,LG,4,Gram Pro,LG Gram Pro 0182,Intel Core i7-12700H,Intel UHD Graphics,8,512,15.6,1920x1080,60,0,1.59,48,24930000,33160000,252,Do hoa - Ky thuat,,https://example-retailer.vn/mock,2026-01-15,CREATOR
HUA-00183,Huawei,3,MateBook 16s,Huawei MateBook 16s 0183,AMD Ryzen 7 7735HS,AMD Radeon 780M,16,512,16.0,1920x1080,120,1,1.57,51,25740000,31500000,163,Do hoa - Ky thuat,,https://example-retailer.vn/mock,2026-01-15,CREATOR
LG-00184,LG,4,Gram Pro,LG Gram Pro 0184,Intel Core i5-12450H,NVIDIA RTX A2000 Laptop,32,512,15.6,1920x1080,144,0,2.24,79,43020000,,123,Laptop Gaming,,https://example-retailer.vn/mock,2026-01-15,GAMING
MAS-00185,Masstel,1,Nobel,Masstel Nobel 0185,AMD Ryzen 5 7530U,AMD Radeon 680M,8,256,14.0,1920x1080,120,1,1.29,48,12480000,,79,Mong nhe,,https://example-retailer.vn/mock,2026-01-15,ULTRABOOK
HUA-00186,Huawei,3,MateBook X,Huawei MateBook X 0186,Intel Core i5-1240P,Intel UHD Graphics,8,256,14.0,1920x1200,60,0,1.18,57,17500000,22430000,107,Mong nhe,,https://example-retailer.vn/mock,2026-01-15,ULTRABOOK
HUA-00187,Huawei,3,MateBook 16s,Huawei MateBook 16s 0187,Intel Core i5-13420H,NVIDIA GeForce RTX 3050 Ti Laptop,16,512,16.1,2560x1440,144,1,2.18,87,26770000,32570000,266,Laptop Gaming,,https://example-retailer.vn/mock,2026-01-15,GAMING
APP-00188,Apple,5,MacBook Air,Apple MacBook Air 0188,Apple M1,Apple GPU 8-core,16,512,13.6,1920x1200,120,0,1.29,70,33890000,36450000,207,Mong nhe,,https://example-retailer.vn/mock,2026-01-15,ULTRABOOK
AVI-00189,Avita,1,Liber,Avita Liber 0189,Intel Core i7-1255U,Intel UHD Graphics (Alder Lake),16,512,14.5,1920x1200,60,1,1.13,56,17210000,,85,Mong nhe,,https://example-retailer.vn/mock,2026-01-15,ULTRABOOK
ACE-00190,Acer,3,Predator Helios,Acer Predator Helios 0190,AMD Ryzen 7 7735HS,AMD Radeon RX 6600M,16,512,15.6,1920x1080,144,0,2.22,50,28000000,,92,Laptop Gaming,,https://example-retailer.vn/mock,2026-01-15,GAMING
HUA-00191,Huawei,3,MateBook D,Huawei MateBook D 0191,AMD Ryzen 5 7530U,NVIDIA GeForce MX550,16,512,15.6,1920x1080,60,0,2.44,53,19530000,,56,Hoc tap - Van phong,,https://example-retailer.vn/mock,2026-01-15,OFFICE
HUA-00192,Huawei,3,MateBook D,Huawei MateBook D 0192,Intel Core i5-12450H,Intel Iris Xe Graphics,8,512,15.6,1920x1080,60,1,1.4,39,17800000,,26,Hoc tap - Van phong,,https://example-retailer.vn/mock,2026-01-15,OFFICE
HUA-00193,Huawei,3,MateBook D,Huawei MateBook D 0193,Intel Pentium Silver N6000,Intel UHD Graphics,8,128,14.0,1920x1080,60,0,1.36,44,10090000,,0,Hoc tap - Van phong,,https://example-retailer.vn/mock,2026-01-15,OFFICE
ASU-00194,ASUS,4,ROG Strix,ASUS ROG Strix 0194,AMD Ryzen 7 7840HS,AMD Radeon RX 7600M XT,16,1024,15.6,1920x1080,240,1,2.53,78,37580000,47770000,174,Laptop Gaming,,https://example-retailer.vn/mock,2026-01-15,GAMING
ASU-00195,ASUS,4,ROG Strix,ASUS ROG Strix 0195,Intel Core i5-12500H,NVIDIA GeForce RTX 3060 Laptop,16,512,16.2,1920x1200,60,1,2.26,62,28970000,30880000,176,Laptop Gaming,,https://example-retailer.vn/mock,2026-01-15,GAMING
ACE-00196,Acer,3,Swift,Acer Swift 0196,Intel Core i7-1260P,Intel Iris Xe Graphics,32,512,14.0,1920x1080,60,0,1.3,42,18570000,20760000,175,Mong nhe,,https://example-retailer.vn/mock,2026-01-15,ULTRABOOK
HP-00197,HP,4,Omen,HP Omen 0197,Intel Core i5-13420H,NVIDIA GeForce RTX 3050 Ti Laptop,32,1024,16.1,1920x1080,144,1,2.18,66,36680000,,53,Laptop Gaming,,https://example-retailer.vn/mock,2026-01-15,GAMING
LG-00198,LG,4,Gram,LG Gram 0198,AMD Ryzen 5 5500U,AMD Radeon Graphics (Vega),16,512,15.6,1920x1200,60,1,1.27,57,20900000,,70,Hoc tap - Van phong,,https://example-retailer.vn/mock,2026-01-15,OFFICE
LEN-00199,Lenovo,4,LOQ,Lenovo LOQ 0199,Intel Core i7-14700HX,NVIDIA GeForce RTX 4050 Laptop,16,512,15.6,1920x1080,144,1,2.35,80,41770000,,94,Laptop Gaming,,https://example-retailer.vn/mock,2026-01-15,GAMING
DEL-00200,Dell,5,XPS,Dell XPS 0200,AMD Ryzen 7 5800H,AMD Radeon Graphics (Vega),16,1024,14.0,1920x1080,120,0,1.35,55,21580000,28450000,101,Mong nhe,,https://example-retailer.vn/mock,2026-01-15,ULTRABOOK
ACE-00201,Acer,3,Nitro,Acer Nitro 0201,Intel Core i7-13700H,NVIDIA GeForce RTX 4080 Laptop,32,1024,15.6,2560x1600,60,1,2.58,88,44510000,,66,Do hoa - Ky thuat,,https://example-retailer.vn/mock,2026-01-15,CREATOR
ASU-00202,ASUS,4,ExpertBook,ASUS ExpertBook 0202,AMD Ryzen 3 7320U,AMD Radeon 660M,8,256,14.0,1920x1080,60,0,1.34,46,12580000,,39,Hoc tap - Van phong,,https://example-retailer.vn/mock,2026-01-15,OFFICE
LEN-00203,Lenovo,4,IdeaPad Slim,Lenovo IdeaPad Slim 0203,AMD Ryzen 3 7320U,AMD Radeon 660M,8,256,15.6,1920x1080,60,0,1.48,42,13170000,17020000,213,Hoc tap - Van phong,,https://example-retailer.vn/mock,2026-01-15,OFFICE
APP-00204,Apple,5,MacBook Air,Apple MacBook Air 0204,Apple M3,Apple GPU 8-core,8,512,14.5,2560x1600,60,0,1.35,69,33920000,,184,Mong nhe,,https://example-retailer.vn/mock,2026-01-15,ULTRABOOK
ASU-00205,ASUS,4,ROG Strix,ASUS ROG Strix 0205,AMD Ryzen 7 5800H,NVIDIA RTX A2000 Laptop,32,512,14.0,2560x1600,60,1,2.08,80,34410000,37320000,127,Do hoa - Ky thuat,,https://example-retailer.vn/mock,2026-01-15,CREATOR
ACE-00206,Acer,3,Nitro,Acer Nitro 0206,Intel Core i7-12700H,NVIDIA RTX A2000 Laptop,32,512,16.0,1920x1080,144,1,2.34,89,33570000,,112,Do hoa - Ky thuat,,https://example-retailer.vn/mock,2026-01-15,CREATOR
LG-00207,LG,4,Gram Pro,LG Gram Pro 0207,Intel Core i9-13900H,NVIDIA GeForce RTX 4080 Laptop,16,1024,15.6,1920x1080,240,0,2.73,100,63210000,,124,Laptop Gaming,,https://example-retailer.vn/mock,2026-01-15,GAMING
APP-00208,Apple,5,MacBook Air,Apple MacBook Air 0208,Apple M3,Apple GPU 10-core,16,1024,13.3,1920x1200,60,1,1.06,71,38440000,40980000,247,Mong nhe,,https://example-retailer.vn/mock,2026-01-15,ULTRABOOK
LG-00209,LG,4,Gram,LG Gram 0209,AMD Ryzen 7 7735HS,AMD Radeon 780M,16,512,15.6,1920x1080,60,0,1.59,48,24600000,31200000,119,Hoc tap - Van phong,,https://example-retailer.vn/mock,2026-01-15,OFFICE
LEN-00210,Lenovo,4,Yoga Slim,Lenovo Yoga Slim 0210,AMD Ryzen 7 7730U,AMD Radeon 680M,16,512,13.6,1920x1200,60,1,1.02,53,24260000,,91,Mong nhe,,https://example-retailer.vn/mock,2026-01-15,ULTRABOOK
APP-00211,Apple,5,MacBook Air,Apple MacBook Air 0211,Apple M1,Apple GPU 8-core,8,256,13.3,1920x1200,120,0,1.08,60,25860000,,137,Mong nhe,,https://example-retailer.vn/mock,2026-01-15,ULTRABOOK
ACE-00212,Acer,3,TravelMate,Acer TravelMate 0212,Intel Pentium Silver N6000,Intel UHD Graphics,8,256,14.0,1920x1080,120,0,1.33,46,11340000,,71,Hoc tap - Van phong,,https://example-retailer.vn/mock,2026-01-15,OFFICE
HP-00213,HP,4,Pavilion,HP Pavilion 0213,AMD Ryzen 5 5500U,AMD Radeon 680M,8,512,16.0,1920x1080,60,0,1.38,43,15990000,20550000,157,Hoc tap - Van phong,,https://example-retailer.vn/mock,2026-01-15,OFFICE
LG-00214,LG,4,Gram,LG Gram 0214,Intel Core i5-1235U,Intel UHD Graphics (Alder Lake),8,1024,14.0,1920x1080,120,0,1.35,46,21780000,,183,Mong nhe,,https://example-retailer.vn/mock,2026-01-15,ULTRABOOK
ACE-00215,Acer,3,Swift,Acer Swift 0215,AMD Ryzen 3 7320U,AMD Radeon 660M,8,128,14.0,1920x1080,60,0,1.06,55,10790000,,87,Mong nhe,,https://example-retailer.vn/mock,2026-01-15,ULTRABOOK
APP-00216,Apple,5,MacBook Pro,Apple MacBook Pro 0216,Apple M2,Apple GPU 10-core,16,512,14.0,2560x1600,60,1,1.36,67,39050000,,149,Do hoa - Ky thuat,,https://example-retailer.vn/mock,2026-01-15,CREATOR
HUA-00217,Huawei,3,MateBook X,Huawei MateBook X 0217,AMD Ryzen 7 5800H,AMD Radeon 660M,8,1024,14.0,1920x1080,60,0,1.34,63,18900000,,79,Mong nhe,,https://example-retailer.vn/mock,2026-01-15,ULTRABOOK
ACE-00218,Acer,3,Aspire,Acer Aspire 0218,AMD Ryzen 3 7320U,AMD Radeon 660M,4,512,15.6,1920x1080,60,0,1.33,39,12200000,,151,Hoc tap - Van phong,,https://example-retailer.vn/mock,2026-01-15,OFFICE
MSI-00219,MSI,3,Modern,MSI Modern 0219,Intel Pentium Silver N6000,Intel UHD Graphics,16,128,14.0,1920x1080,60,0,1.2,50,14390000,,105,Hoc tap - Van phong,,https://example-retailer.vn/mock,2026-01-15,OFFICE
MSI-00220,MSI,3,Modern,MSI Modern 0220,Intel Core i5-1240P,Intel Iris Xe Graphics,16,512,15.6,1920x1080,60,0,1.38,33,19790000,24860000,196,Hoc tap - Van phong,,https://example-retailer.vn/mock,2026-01-15,OFFICE
GIG-00221,Gigabyte,3,G5,Gigabyte G5 0221,Intel Pentium Silver N6000,Intel UHD Graphics,8,256,15.6,1920x1080,60,0,1.63,54,11160000,14150000,44,Hoc tap - Van phong,,https://example-retailer.vn/mock,2026-01-15,OFFICE
MSI-00222,MSI,3,Katana,MSI Katana 0222,Intel Core i7-12700H,NVIDIA GeForce RTX 4060 Laptop,8,512,16.0,1920x1080,120,1,2.65,79,33900000,,161,Do hoa - Ky thuat,,https://example-retailer.vn/mock,2026-01-15,CREATOR
HUA-00223,Huawei,3,MateBook D,Huawei MateBook D 0223,Intel Core i5-1235U,Intel UHD Graphics (Alder Lake),8,256,15.6,1920x1080,60,0,1.38,48,13870000,15240000,92,Hoc tap - Van phong,,https://example-retailer.vn/mock,2026-01-15,OFFICE
ACE-00224,Acer,3,Aspire,Acer Aspire 0224,AMD Ryzen 7 7730U,AMD Radeon Graphics (Vega),8,256,14.0,2560x1600,60,0,1.11,48,15130000,,65,Hoc tap - Van phong,,https://example-retailer.vn/mock,2026-01-15,OFFICE
HP-00225,HP,4,ProBook,HP ProBook 0225,Intel Core i5-1235U,Intel UHD Graphics,8,512,15.6,1366x768,60,0,1.43,53,15790000,17300000,103,Hoc tap - Van phong,,https://example-retailer.vn/mock,2026-01-15,OFFICE
ASU-00226,ASUS,4,ProArt,ASUS ProArt 0226,Intel Core i5-1240P,NVIDIA GeForce RTX 2050,16,512,15.6,1366x768,60,1,2.51,48,22270000,28810000,59,Do hoa - Ky thuat,,https://example-retailer.vn/mock,2026-01-15,CREATOR
DEL-00227,Dell,5,Inspiron,Dell Inspiron 0227,AMD Ryzen 5 5500U,AMD Radeon 680M,16,512,16.0,1920x1080,60,0,1.31,55,18700000,20870000,176,Hoc tap - Van phong,,https://example-retailer.vn/mock,2026-01-15,OFFICE
DEL-00228,Dell,5,G15,Dell G15 0228,Intel Core i7-1255U,NVIDIA GeForce RTX 2050,16,512,13.6,2880x1800,60,1,1.68,54,28560000,36300000,102,Do hoa - Ky thuat,,https://example-retailer.vn/mock,2026-01-15,CREATOR
MSI-00229,MSI,3,Creator,MSI Creator 0229,Intel Core i9-13900H,NVIDIA GeForce RTX 4080 Laptop,16,1024,16.0,2560x1440,120,1,2.66,77,48720000,,153,Laptop Gaming,,https://example-retailer.vn/mock,2026-01-15,GAMING
HUA-00230,Huawei,3,MateBook D,Huawei MateBook D 0230,Intel Pentium Silver N6000,Intel UHD Graphics,4,128,14.0,1920x1080,60,0,1.41,50,9590000,12510000,142,Hoc tap - Van phong,,https://example-retailer.vn/mock,2026-01-15,OFFICE
MSI-00231,MSI,3,Raider,MSI Raider 0231,AMD Ryzen 7 5800H,NVIDIA GeForce RTX 4060 Laptop,8,512,15.6,2560x1440,165,0,2.59,49,29740000,,99,Laptop Gaming,,https://example-retailer.vn/mock,2026-01-15,GAMING
LEN-00232,Lenovo,4,Legion,Lenovo Legion 0232,AMD Ryzen 7 7735HS,NVIDIA GeForce RTX 3060 Laptop,16,256,15.6,2560x1440,144,0,2.41,77,30880000,,189,Laptop Gaming,,https://example-retailer.vn/mock,2026-01-15,GAMING
MAS-00233,Masstel,1,Nobel,Masstel Nobel 0233,Intel Core i7-1255U,Intel Iris Xe Graphics,8,512,15.6,1920x1080,60,0,1.6,46,13540000,14260000,98,Hoc tap - Van phong,,https://example-retailer.vn/mock,2026-01-15,OFFICE
MSI-00234,MSI,3,Katana,MSI Katana 0234,Intel Core i7-12700H,NVIDIA GeForce RTX 4060 Laptop,16,512,16.1,1920x1080,165,1,2.79,52,38830000,,137,Laptop Gaming,,https://example-retailer.vn/mock,2026-01-15,GAMING
GIG-00235,Gigabyte,3,Aorus,Gigabyte Aorus 0235,Intel Core i5-12500H,NVIDIA GeForce RTX 4050 Laptop,16,512,15.6,1920x1080,165,0,2.27,81,28920000,33540000,205,Laptop Gaming,,https://example-retailer.vn/mock,2026-01-15,GAMING
LG-00236,LG,4,Gram Pro,LG Gram Pro 0236,Intel Core i7-14700HX,NVIDIA GeForce RTX 4060 Laptop,32,512,16.1,2560x1600,90,1,2.75,91,51280000,59650000,117,Do hoa - Ky thuat,,https://example-retailer.vn/mock,2026-01-15,CREATOR
LEN-00237,Lenovo,4,ThinkPad X1,Lenovo ThinkPad X1 0237,Intel Core i5-1240P,Intel UHD Graphics,8,512,13.3,1920x1200,120,1,0.98,60,20400000,,105,Mong nhe,,https://example-retailer.vn/mock,2026-01-15,ULTRABOOK
LG-00238,LG,4,Gram Pro,LG Gram Pro 0238,Intel Core i9-13900H,NVIDIA GeForce RTX 3050 Ti Laptop,16,512,15.6,1920x1080,144,0,2.27,91,42300000,,96,Laptop Gaming,,https://example-retailer.vn/mock,2026-01-15,GAMING
HP-00239,HP,4,Omen,HP Omen 0239,Intel Core i5-1235U,NVIDIA GeForce RTX 2050,8,512,14.0,2560x1600,90,1,1.94,64,19790000,21780000,82,Do hoa - Ky thuat,,https://example-retailer.vn/mock,2026-01-15,CREATOR
LEN-00240,Lenovo,4,Legion,Lenovo Legion 0240,Intel Core i7-14700HX,NVIDIA RTX A2000 Laptop,32,1024,16.0,1920x1200,90,1,2.41,78,42180000,,87,Do hoa - Ky thuat,,https://example-retailer.vn/mock,2026-01-15,CREATOR
GIG-00241,Gigabyte,3,G5,Gigabyte G5 0241,Intel Celeron N4500,Intel UHD Graphics,8,512,16.0,1366x768,60,0,1.27,54,10270000,11650000,134,Hoc tap - Van phong,,https://example-retailer.vn/mock,2026-01-15,OFFICE
HUA-00242,Huawei,3,MateBook 16s,Huawei MateBook 16s 0242,AMD Ryzen 7 7735HS,NVIDIA GeForce RTX 4060 Laptop,32,1024,16.1,3840x2160,120,1,2.77,96,37830000,,113,Do hoa - Ky thuat,,https://example-retailer.vn/mock,2026-01-15,CREATOR
HUA-00243,Huawei,3,MateBook D,Huawei MateBook D 0243,Intel Core i7-1255U,Intel UHD Graphics,8,512,15.6,1920x1200,60,0,1.48,52,17990000,19110000,133,Hoc tap - Van phong,,https://example-retailer.vn/mock,2026-01-15,OFFICE
HP-00244,HP,4,Omen,HP Omen 0244,Intel Core i7-14700HX,NVIDIA GeForce RTX 4050 Laptop,16,1024,15.6,1920x1200,90,1,2.37,68,43180000,,109,Laptop Gaming,,https://example-retailer.vn/mock,2026-01-15,GAMING
LEN-00245,Lenovo,4,Legion,Lenovo Legion 0245,Intel Core i5-12450H,NVIDIA GeForce RTX 4080 Laptop,16,512,14.0,3840x2160,90,1,2.35,63,43420000,51510000,241,Do hoa - Ky thuat,,https://example-retailer.vn/mock,2026-01-15,CREATOR
GIG-00246,Gigabyte,3,Aorus,Gigabyte Aorus 0246,Intel Core i7-13620H,NVIDIA GeForce RTX 4080 Laptop,16,512,15.6,2560x1600,120,1,2.59,73,44420000,,122,Laptop Gaming,,https://example-retailer.vn/mock,2026-01-15,GAMING
ACE-00247,Acer,3,Nitro,Acer Nitro 0247,Intel Core i5-12450H,NVIDIA GeForce RTX 3060 Laptop,8,512,16.0,1920x1080,165,0,2.32,86,24040000,,0,Laptop Gaming,,https://example-retailer.vn/mock,2026-01-15,GAMING
MSI-00248,MSI,3,Modern,MSI Modern 0248,AMD Ryzen 3 7320U,AMD Radeon 660M,8,256,14.0,1920x1080,60,0,1.43,56,12390000,,104,Hoc tap - Van phong,,https://example-retailer.vn/mock,2026-01-15,OFFICE
LEN-00249,Lenovo,4,LOQ,Lenovo LOQ 0249,AMD Ryzen 9 7940HS,NVIDIA GeForce RTX 4060 Laptop,32,512,17.3,2560x1440,120,1,2.86,78,48040000,,131,Do hoa - Ky thuat,,https://example-retailer.vn/mock,2026-01-15,CREATOR
MSI-00250,MSI,3,Modern,MSI Modern 0250,Intel Core i5-1235U,Intel UHD Graphics,8,512,16.0,1920x1080,120,0,1.62,54,16610000,19490000,180,Hoc tap - Van phong,,https://example-retailer.vn/mock,2026-01-15,OFFICE
MAS-00251,Masstel,1,Nobel,Masstel Nobel 0251,AMD Ryzen 5 5500U,AMD Radeon 660M,8,512,15.6,1920x1080,60,0,1.38,47,10910000,,54,Hoc tap - Van phong,,https://example-retailer.vn/mock,2026-01-15,OFFICE
ASU-00252,ASUS,4,ProArt,ASUS ProArt 0252,Intel Core i9-13900H,NVIDIA GeForce RTX 4060 Laptop,16,1024,17.3,1920x1080,165,0,2.83,83,35670000,46460000,109,Laptop Gaming,,https://example-retailer.vn/mock,2026-01-15,GAMING
ASU-00253,ASUS,4,VivoBook S,ASUS VivoBook S 0253,AMD Ryzen 5 5500U,AMD Radeon Graphics (Vega),16,1024,15.6,1920x1080,60,0,1.42,32,19170000,22380000,73,Mong nhe,,https://example-retailer.vn/mock,2026-01-15,ULTRABOOK
MSI-00254,MSI,3,Prestige,MSI Prestige 0254,Intel Core i5-1235U,Intel Iris Xe Graphics,8,256,14.0,1920x1080,60,0,0.97,49,16660000,20350000,189,Mong nhe,,https://example-retailer.vn/mock,2026-01-15,ULTRABOOK
DEL-00255,Dell,5,Vostro,Dell Vostro 0255,Intel Core i7-1255U,Intel UHD Graphics,8,256,15.6,1920x1080,60,0,1.5,52,20070000,23170000,356,Hoc tap - Van phong,,https://example-retailer.vn/mock,2026-01-15,OFFICE
ASU-00256,ASUS,4,ROG Strix,ASUS ROG Strix 0256,AMD Ryzen 7 5800H,AMD Radeon RX 6600M,16,512,17.3,1920x1080,144,0,2.38,67,28420000,,117,Laptop Gaming,,https://example-retailer.vn/mock,2026-01-15,GAMING
ACE-00257,Acer,3,Predator Helios,Acer Predator Helios 0257,AMD Ryzen 9 7940HS,NVIDIA GeForce RTX 4060 Laptop,16,1024,17.3,2560x1440,144,1,2.72,74,39340000,42200000,88,Laptop Gaming,,https://example-retailer.vn/mock,2026-01-15,GAMING
LG-00258,LG,4,Gram,LG Gram 0258,AMD Ryzen 5 5500U,AMD Radeon 660M,8,512,15.6,1920x1080,60,0,1.4,55,18100000,,112,Hoc tap - Van phong,,https://example-retailer.vn/mock,2026-01-15,OFFICE
LG-00259,LG,4,Gram,LG Gram 0259,Intel Core i5-12450H,Intel Iris Xe Graphics,8,512,15.6,1920x1080,60,0,1.48,43,16800000,,100,Hoc tap - Van phong,,https://example-retailer.vn/mock,2026-01-15,OFFICE
HP-00260,HP,4,240 G9,HP 240 G9 0260,AMD Ryzen 5 5500U,AMD Radeon 680M,16,512,15.6,1920x1080,60,0,1.46,50,16720000,21020000,128,Hoc tap - Van phong,,https://example-retailer.vn/mock,2026-01-15,OFFICE
HP-00261,HP,4,Victus,HP Victus 0261,AMD Ryzen 7 7840HS,NVIDIA GeForce RTX 3060 Laptop,32,512,16.1,1920x1080,120,1,2.35,79,36050000,,8,Do hoa - Ky thuat,,https://example-retailer.vn/mock,2026-01-15,CREATOR
ASU-00262,ASUS,4,ROG Strix,ASUS ROG Strix 0262,AMD Ryzen 9 7940HS,AMD Radeon RX 6600M,32,1024,15.6,1920x1200,120,1,2.25,85,43290000,50970000,171,Do hoa - Ky thuat,,https://example-retailer.vn/mock,2026-01-15,CREATOR
ACE-00263,Acer,3,TravelMate,Acer TravelMate 0263,AMD Ryzen 5 5500U,AMD Radeon Graphics (Vega),16,512,16.0,1920x1080,120,0,1.56,39,13900000,18060000,168,Hoc tap - Van phong,,https://example-retailer.vn/mock,2026-01-15,OFFICE
DEL-00264,Dell,5,G15,Dell G15 0264,Intel Core i5-13420H,NVIDIA GeForce RTX 3060 Laptop,16,1024,15.6,2560x1440,144,1,2.17,92,34360000,,154,Laptop Gaming,,https://example-retailer.vn/mock,2026-01-15,GAMING
DEL-00265,Dell,5,XPS,Dell XPS 0265,AMD Ryzen 7 7730U,AMD Radeon 680M,16,512,13.3,1920x1200,60,1,1.04,52,25110000,27920000,133,Mong nhe,,https://example-retailer.vn/mock,2026-01-15,ULTRABOOK
DEL-00266,Dell,5,Inspiron,Dell Inspiron 0266,AMD Ryzen 3 7320U,AMD Radeon 680M,8,128,16.0,1920x1080,60,0,1.75,54,14440000,,106,Hoc tap - Van phong,,https://example-retailer.vn/mock,2026-01-15,OFFICE
GIG-00267,Gigabyte,3,G5,Gigabyte G5 0267,Intel Core i7-1355U,Intel UHD Graphics,16,512,16.0,1920x1200,60,0,1.57,54,19490000,23190000,129,Hoc tap - Van phong,,https://example-retailer.vn/mock,2026-01-15,OFFICE
ASU-00268,ASUS,4,ProArt,ASUS ProArt 0268,Intel Core i7-14700HX,NVIDIA GeForce RTX 4050 Laptop,16,512,15.6,2560x1440,165,1,2.31,91,36560000,43130000,64,Laptop Gaming,,https://example-retailer.vn/mock,2026-01-15,GAMING
GIG-00269,Gigabyte,3,Aorus,Gigabyte Aorus 0269,Intel Core i7-13620H,NVIDIA GeForce RTX 3050 Ti Laptop,16,256,15.6,2560x1440,165,1,2.28,90,25550000,,64,Laptop Gaming,,https://example-retailer.vn/mock,2026-01-15,GAMING
DEL-00270,Dell,5,Alienware M,Dell Alienware M 0270,Intel Core i5-12500H,NVIDIA GeForce RTX 3050 Laptop,16,512,16.0,2560x1440,240,1,2.34,75,29760000,,92,Laptop Gaming,,https://example-retailer.vn/mock,2026-01-15,GAMING
LG-00271,LG,4,Gram Pro,LG Gram Pro 0271,Intel Core i7-13700H,NVIDIA GeForce RTX 3060 Laptop,64,512,16.1,1920x1080,144,1,2.23,75,56970000,,154,Laptop Gaming,,https://example-retailer.vn/mock,2026-01-15,GAMING
DEL-00272,Dell,5,Vostro,Dell Vostro 0272,AMD Ryzen 3 7320U,AMD Radeon 680M,4,512,15.6,1920x1080,60,0,1.43,52,15630000,,115,Hoc tap - Van phong,,https://example-retailer.vn/mock,2026-01-15,OFFICE
HP-00273,HP,4,Victus,HP Victus 0273,AMD Ryzen 7 7735HS,AMD Radeon RX 6600M,32,256,16.1,1920x1080,120,0,2.17,74,40760000,52500000,151,Laptop Gaming,,https://example-retailer.vn/mock,2026-01-15,GAMING
HUA-00274,Huawei,3,MateBook 16s,Huawei MateBook 16s 0274,AMD Ryzen 7 7840HS,NVIDIA GeForce RTX 4080 Laptop,16,1024,16.1,1920x1200,120,1,2.4,90,42880000,,88,Laptop Gaming,,https://example-retailer.vn/mock,2026-01-15,GAMING
GIG-00275,Gigabyte,3,G5,Gigabyte G5 0275,Intel Pentium Silver N6000,Intel UHD Graphics,4,256,15.6,1920x1080,60,0,1.67,37,10300000,,65,Hoc tap - Van phong,,https://example-retailer.vn/mock,2026-01-15,OFFICE
GIG-00276,Gigabyte,3,G5,Gigabyte G5 0276,Intel Core i7-1255U,NVIDIA GeForce RTX 2050,16,512,13.3,2880x1800,120,1,2.09,58,25690000,,44,Do hoa - Ky thuat,,https://example-retailer.vn/mock,2026-01-15,CREATOR
MAS-00277,Masstel,1,Nobel,Masstel Nobel 0277,Intel Core i5-1235U,Intel Iris Xe Graphics,16,512,15.6,1920x1200,60,1,1.42,48,13460000,15670000,107,Hoc tap - Van phong,,https://example-retailer.vn/mock,2026-01-15,OFFICE
LEN-00278,Lenovo,4,Legion,Lenovo Legion 0278,Intel Core i7-13700H,NVIDIA GeForce RTX 3060 Laptop,32,512,16.0,1920x1080,165,0,2.29,71,44050000,,97,Laptop Gaming,,https://example-retailer.vn/mock,2026-01-15,GAMING
GIG-00279,Gigabyte,3,Aorus,Gigabyte Aorus 0279,Intel Core i5-12450H,NVIDIA GeForce RTX 3050 Ti Laptop,16,512,16.1,1920x1080,144,1,2.28,88,28250000,,70,Laptop Gaming,,https://example-retailer.vn/mock,2026-01-15,GAMING
MSI-00280,MSI,3,Modern,MSI Modern 0280,AMD Ryzen 5 5500U,AMD Radeon Graphics (Vega),16,256,16.0,1920x1080,120,0,1.27,55,15450000,,116,Hoc tap - Van phong,,https://example-retailer.vn/mock,2026-01-15,OFFICE
DEL-00281,Dell,5,G15,Dell G15 0281,Intel Core i7-12700H,NVIDIA GeForce RTX 4070 Laptop,32,512,17.3,2560x1600,165,1,2.77,79,57390000,72930000,64,Laptop Gaming,,https://example-retailer.vn/mock,2026-01-15,GAMING
HUA-00282,Huawei,3,MateBook X,Huawei MateBook X 0282,AMD Ryzen 5 7530U,AMD Radeon 660M,8,512,13.6,1920x1200,120,0,1.04,67,15770000,,146,Mong nhe,,https://example-retailer.vn/mock,2026-01-15,ULTRABOOK
HUA-00283,Huawei,3,MateBook D,Huawei MateBook D 0283,Intel Core i7-1255U,Intel Iris Xe Graphics,16,512,15.6,1920x1080,120,0,1.55,45,16250000,19690000,139,Hoc tap - Van phong,,https://example-retailer.vn/mock,2026-01-15,OFFICE
HP-00284,HP,4,Omen,HP Omen 0284,AMD Ryzen 7 7735HS,NVIDIA GeForce RTX 3050 Ti Laptop,16,1024,17.3,1920x1080,144,0,2.53,86,28020000,,124,Laptop Gaming,,https://example-retailer.vn/mock,2026-01-15,GAMING
HUA-00285,Huawei,3,MateBook 16s,Huawei MateBook 16s 0285,Intel Core i9-13900H,NVIDIA GeForce RTX 3050 Laptop,16,512,14.0,1920x1200,120,1,2.08,70,30870000,34300000,76,Laptop Gaming,,https://example-retailer.vn/mock,2026-01-15,GAMING
HUA-00286,Huawei,3,MateBook 16s,Huawei MateBook 16s 0286,Intel Core i7-13620H,NVIDIA GeForce RTX 3050 Ti Laptop,16,512,17.3,2560x1440,165,0,2.27,64,31430000,,57,Laptop Gaming,,https://example-retailer.vn/mock,2026-01-15,GAMING
ACE-00287,Acer,3,TravelMate,Acer TravelMate 0287,AMD Ryzen 5 5500U,AMD Radeon 680M,16,512,15.6,1920x1200,60,0,1.39,59,17000000,21900000,174,Hoc tap - Van phong,,https://example-retailer.vn/mock,2026-01-15,OFFICE
HUA-00288,Huawei,3,MateBook 16s,Huawei MateBook 16s 0288,AMD Ryzen 7 5800H,AMD Radeon RX 7600M XT,16,1024,16.0,1920x1080,240,1,2.68,89,37190000,,37,Laptop Gaming,,https://example-retailer.vn/mock,2026-01-15,GAMING
HP-00289,HP,4,Envy x360,HP Envy x360 0289,Intel Core i7-1260P,Intel UHD Graphics (Alder Lake),16,512,14.0,1920x1200,120,1,1.32,85,24250000,,98,Mong nhe,,https://example-retailer.vn/mock,2026-01-15,ULTRABOOK
HUA-00290,Huawei,3,MateBook 16s,Huawei MateBook 16s 0290,Intel Core i7-14700HX,NVIDIA GeForce RTX 4080 Laptop,16,1024,17.3,1920x1080,144,1,2.78,78,55630000,,113,Laptop Gaming,,https://example-retailer.vn/mock,2026-01-15,GAMING
ASU-00291,ASUS,4,VivoBook,ASUS VivoBook 0291,AMD Ryzen 5 7530U,AMD Radeon 660M,8,256,16.0,1920x1080,120,0,1.54,54,16020000,,177,Hoc tap - Van phong,,https://example-retailer.vn/mock,2026-01-15,OFFICE
ASU-00292,ASUS,4,VivoBook,ASUS VivoBook 0292,Intel Core i3-1215U,Intel UHD Graphics (Alder Lake),16,256,15.6,1920x1080,60,0,1.53,55,14880000,18480000,141,Hoc tap - Van phong,,https://example-retailer.vn/mock,2026-01-15,OFFICE
APP-00293,Apple,5,MacBook Air,Apple MacBook Air 0293,Apple M2,Apple GPU 10-core,16,512,15.6,1920x1200,60,1,1.51,70,36240000,,88,Mong nhe,,https://example-retailer.vn/mock,2026-01-15,ULTRABOOK
LG-00294,LG,4,Gram Pro,LG Gram Pro 0294,Intel Core i7-12700H,NVIDIA GeForce RTX 3050 Ti Laptop,16,1024,16.1,1920x1080,240,0,2.11,85,36820000,42910000,99,Laptop Gaming,,https://example-retailer.vn/mock,2026-01-15,GAMING
GIG-00295,Gigabyte,3,G5,Gigabyte G5 0295,Intel Celeron N4500,Intel UHD Graphics,8,256,15.6,1920x1080,60,0,1.53,37,11620000,13320000,135,Hoc tap - Van phong,,https://example-retailer.vn/mock,2026-01-15,OFFICE
DEL-00296,Dell,5,Inspiron Slim,Dell Inspiron Slim 0296,Intel Core i7-1255U,Intel Iris Xe Graphics,16,512,16.0,1366x768,60,0,1.37,37,19160000,24040000,245,Mong nhe,,https://example-retailer.vn/mock,2026-01-15,ULTRABOOK
APP-00297,Apple,5,MacBook Air,Apple MacBook Air 0297,Apple M3,Apple GPU 10-core,16,256,14.0,2560x1600,120,1,0.98,70,39290000,,94,Mong nhe,,https://example-retailer.vn/mock,2026-01-15,ULTRABOOK
MSI-00298,MSI,3,Katana,MSI Katana 0298,AMD Ryzen 9 7940HS,AMD Radeon RX 6600M,32,1024,15.6,1920x1080,144,1,2.26,56,42080000,,104,Laptop Gaming,,https://example-retailer.vn/mock,2026-01-15,GAMING
APP-00299,Apple,5,MacBook Air,Apple MacBook Air 0299,Apple M1,Apple GPU 10-core,8,512,14.5,1920x1200,60,0,1.15,54,27610000,29780000,106,Mong nhe,,https://example-retailer.vn/mock,2026-01-15,ULTRABOOK
HUA-00300,Huawei,3,MateBook 16s,Huawei MateBook 16s 0300,AMD Ryzen 9 7940HS,NVIDIA GeForce RTX 4080 Laptop,16,512,15.6,1920x1080,144,0,2.44,64,46350000,,41,Laptop Gaming,,https://example-retailer.vn/mock,2026-01-15,GAMING
ASU-00301,ASUS,4,ExpertBook,ASUS ExpertBook 0301,Intel Core i7-1255U,Intel UHD Graphics,16,256,15.6,1920x1080,60,0,1.37,49,17530000,,95,Hoc tap - Van phong,,https://example-retailer.vn/mock,2026-01-15,OFFICE
ASU-00302,ASUS,4,VivoBook,ASUS VivoBook 0302,Intel Core i3-1215U,Intel UHD Graphics,8,256,15.6,1920x1080,60,0,1.54,39,13960000,16630000,236,Hoc tap - Van phong,,https://example-retailer.vn/mock,2026-01-15,OFFICE
HP-00303,HP,4,Omen,HP Omen 0303,Intel Core i5-12500H,NVIDIA GeForce RTX 4050 Laptop,16,1024,15.6,2560x1440,240,0,2.36,76,32710000,,50,Laptop Gaming,,https://example-retailer.vn/mock,2026-01-15,GAMING
HUA-00304,Huawei,3,MateBook 16s,Huawei MateBook 16s 0304,Intel Core i9-13900H,NVIDIA GeForce RTX 3060 Laptop,32,2048,16.1,1920x1080,144,1,2.18,78,46930000,,91,Laptop Gaming,,https://example-retailer.vn/mock,2026-01-15,GAMING
LEN-00305,Lenovo,4,ThinkPad E,Lenovo ThinkPad E 0305,Intel Core i7-1255U,Intel Iris Xe Graphics,8,256,15.6,1920x1080,60,0,1.45,47,17320000,20440000,127,Hoc tap - Van phong,,https://example-retailer.vn/mock,2026-01-15,OFFICE
AVI-00306,Avita,1,Pura,Avita Pura 0306,Intel Core i7-1255U,Intel Iris Xe Graphics,16,512,15.6,1366x768,60,0,1.64,59,13540000,14990000,114,Hoc tap - Van phong,,https://example-retailer.vn/mock,2026-01-15,OFFICE
DEL-00307,Dell,5,Latitude,Dell Latitude 0307,AMD Ryzen 5 5500U,NVIDIA GeForce MX550,32,256,16.0,1920x1080,60,0,2.25,42,24220000,,80,Hoc tap - Van phong,,https://example-retailer.vn/mock,2026-01-15,OFFICE
MSI-00308,MSI,3,Modern,MSI Modern 0308,AMD Ryzen 3 7320U,AMD Radeon 660M,8,256,15.6,1920x1080,60,0,1.39,50,13650000,,106,Hoc tap - Van phong,,https://example-retailer.vn/mock,2026-01-15,OFFICE
GIG-00309,Gigabyte,3,G5,Gigabyte G5 0309,Intel Core i5-12450H,NVIDIA GeForce RTX 4050 Laptop,16,512,16.0,1920x1200,60,1,2.43,79,24720000,,96,Laptop Gaming,,https://example-retailer.vn/mock,2026-01-15,GAMING
LEN-00310,Lenovo,4,LOQ,Lenovo LOQ 0310,Intel Core i9-13900H,NVIDIA GeForce RTX 4050 Laptop,32,1024,17.3,1920x1080,165,1,2.37,55,45440000,54400000,196,Laptop Gaming,,https://example-retailer.vn/mock,2026-01-15,GAMING
MAS-00311,Masstel,1,Nobel,Masstel Nobel 0311,Intel Core i7-1255U,Intel UHD Graphics,8,256,15.6,1920x1080,60,0,1.38,62,14440000,,43,Hoc tap - Van phong,,https://example-retailer.vn/mock,2026-01-15,OFFICE
GIG-00312,Gigabyte,3,Aorus,Gigabyte Aorus 0312,Intel Core i7-12700H,NVIDIA RTX A2000 Laptop,16,1024,15.6,2560x1600,120,1,2.3,51,33680000,,68,Do hoa - Ky thuat,,https://example-retailer.vn/mock,2026-01-15,CREATOR
GIG-00313,Gigabyte,3,G5,Gigabyte G5 0313,AMD Ryzen 3 7320U,AMD Radeon 660M,4,256,14.0,1366x768,60,0,1.27,46,11400000,,102,Hoc tap - Van phong,,https://example-retailer.vn/mock,2026-01-15,OFFICE
DEL-00314,Dell,5,Inspiron Slim,Dell Inspiron Slim 0314,Intel Core i7-1260P,Intel Iris Xe Graphics,16,256,15.6,1920x1080,120,0,1.33,41,27900000,36590000,252,Mong nhe,,https://example-retailer.vn/mock,2026-01-15,ULTRABOOK
HUA-00315,Huawei,3,MateBook D,Huawei MateBook D 0315,AMD Ryzen 5 5500U,AMD Radeon 680M,8,512,15.6,1920x1080,60,0,1.51,46,14390000,,102,Hoc tap - Van phong,,https://example-retailer.vn/mock,2026-01-15,OFFICE
LEN-00316,Lenovo,4,Yoga Slim,Lenovo Yoga Slim 0316,Intel Core i5-13420H,Intel UHD Graphics,16,512,15.6,1920x1080,60,0,1.47,72,20770000,,92,Mong nhe,,https://example-retailer.vn/mock,2026-01-15,ULTRABOOK
MSI-00317,MSI,3,Modern,MSI Modern 0317,AMD Ryzen 5 7530U,AMD Radeon 680M,8,256,16.0,1920x1080,120,0,1.71,39,16360000,,57,Hoc tap - Van phong,,https://example-retailer.vn/mock,2026-01-15,OFFICE
ASU-00318,ASUS,4,ProArt,ASUS ProArt 0318,Intel Core i7-14700HX,NVIDIA RTX A2000 Laptop,32,1024,15.6,2560x1600,90,1,2.41,83,42470000,48200000,159,Do hoa - Ky thuat,,https://example-retailer.vn/mock,2026-01-15,CREATOR
LEN-00319,Lenovo,4,Yoga Slim,Lenovo Yoga Slim 0319,Intel Core i5-1335U,Intel Iris Xe Graphics,8,512,13.6,1920x1200,60,0,1.33,63,15320000,,82,Mong nhe,,https://example-retailer.vn/mock,2026-01-15,ULTRABOOK
LEN-00320,Lenovo,4,ThinkPad E,Lenovo ThinkPad E 0320,AMD Ryzen 3 7320U,AMD Radeon Graphics (Vega),8,256,14.0,1366x768,60,0,1.51,51,12200000,13970000,178,Hoc tap - Van phong,,https://example-retailer.vn/mock,2026-01-15,OFFICE
DEL-00321,Dell,5,G15,Dell G15 0321,AMD Ryzen 5 7535HS,NVIDIA GeForce RTX 4050 Laptop,16,512,15.6,2560x1440,240,0,2.19,73,30370000,38290000,190,Laptop Gaming,,https://example-retailer.vn/mock,2026-01-15,GAMING
MSI-00322,MSI,3,Creator,MSI Creator 0322,AMD Ryzen 7 7735HS,NVIDIA GeForce RTX 3050 Laptop,16,1024,15.6,2560x1440,165,1,2.4,69,32510000,,39,Laptop Gaming,,https://example-retailer.vn/mock,2026-01-15,GAMING
MAS-00323,Masstel,1,Nobel,Masstel Nobel 0323,Intel Celeron N4500,Intel UHD Graphics,8,256,16.0,1920x1080,120,0,1.65,56,9380000,,99,Hoc tap - Van phong,,https://example-retailer.vn/mock,2026-01-15,OFFICE
HP-00324,HP,4,240 G9,HP 240 G9 0324,AMD Ryzen 5 7530U,AMD Radeon 660M,16,512,16.0,1920x1080,120,0,1.61,43,17260000,,97,Hoc tap - Van phong,,https://example-retailer.vn/mock,2026-01-15,OFFICE
LG-00325,LG,4,Gram Pro,LG Gram Pro 0325,Intel Core i7-14700HX,NVIDIA GeForce RTX 4080 Laptop,32,1024,16.1,1920x1080,240,0,2.64,73,72960000,,11,Laptop Gaming,,https://example-retailer.vn/mock,2026-01-15,GAMING
AVI-00326,Avita,1,Pura,Avita Pura 0326,AMD Ryzen 3 7320U,AMD Radeon Graphics (Vega),8,256,15.6,1920x1080,60,0,1.24,53,9880000,10610000,44,Hoc tap - Van phong,,https://example-retailer.vn/mock,2026-01-15,OFFICE
MSI-00327,MSI,3,Modern,MSI Modern 0327,Intel Pentium Silver N6000,Intel UHD Graphics,4,256,15.6,1920x1200,60,0,1.55,58,11450000,,48,Hoc tap - Van phong,,https://example-retailer.vn/mock,2026-01-15,OFFICE
MSI-00328,MSI,3,Modern,MSI Modern 0328,Intel Pentium Silver N6000,Intel UHD Graphics,8,512,15.6,1920x1080,60,0,1.37,49,13120000,,139,Hoc tap - Van phong,,https://example-retailer.vn/mock,2026-01-15,OFFICE
DEL-00329,Dell,5,Alienware M,Dell Alienware M 0329,AMD Ryzen 9 7940HS,NVIDIA RTX A2000 Laptop,16,512,17.3,2560x1440,144,0,2.5,62,46050000,,158,Laptop Gaming,,https://example-retailer.vn/mock,2026-01-15,GAMING
APP-00330,Apple,5,MacBook Air,Apple MacBook Air 0330,Apple M2,Apple GPU 8-core,16,512,14.5,1920x1200,120,0,1.17,62,38790000,,171,Mong nhe,,https://example-retailer.vn/mock,2026-01-15,ULTRABOOK
DEL-00331,Dell,5,G15,Dell G15 0331,Intel Core i7-14700HX,NVIDIA GeForce RTX 4050 Laptop,32,512,15.6,1920x1080,144,1,2.5,69,46810000,,92,Laptop Gaming,,https://example-retailer.vn/mock,2026-01-15,GAMING
GIG-00332,Gigabyte,3,Aero,Gigabyte Aero 0332,AMD Ryzen 5 7530U,AMD Radeon Graphics (Vega),8,512,14.0,1920x1200,60,0,1.1,67,14010000,,147,Mong nhe,,https://example-retailer.vn/mock,2026-01-15,ULTRABOOK
HUA-00333,Huawei,3,MateBook 16s,Huawei MateBook 16s 0333,Intel Core i7-14700HX,NVIDIA GeForce RTX 4060 Laptop,32,512,15.6,1920x1080,120,1,2.48,83,46010000,59650000,164,Do hoa - Ky thuat,,https://example-retailer.vn/mock,2026-01-15,CREATOR
HUA-00334,Huawei,3,MateBook 16s,Huawei MateBook 16s 0334,Intel Core i7-14700HX,NVIDIA GeForce RTX 4070 Laptop,16,1024,15.6,1920x1080,144,0,2.65,56,48140000,60090000,68,Laptop Gaming,,https://example-retailer.vn/mock,2026-01-15,GAMING
MSI-00335,MSI,3,Prestige,MSI Prestige 0335,AMD Ryzen 5 5500U,AMD Radeon 660M,8,512,14.5,1920x1200,90,0,1.18,56,14260000,17960000,27,Mong nhe,,https://example-retailer.vn/mock,2026-01-15,ULTRABOOK
GIG-00336,Gigabyte,3,Aero,Gigabyte Aero 0336,AMD Ryzen 5 5500U,AMD Radeon 680M,8,256,13.6,2560x1600,90,0,1.14,58,13890000,,117,Mong nhe,,https://example-retailer.vn/mock,2026-01-15,ULTRABOOK
HP-00337,HP,4,Omen,HP Omen 0337,Intel Core i7-13620H,NVIDIA GeForce RTX 3060 Laptop,16,512,16.0,1920x1080,144,1,2.42,79,31190000,,99,Laptop Gaming,,https://example-retailer.vn/mock,2026-01-15,GAMING
LG-00338,LG,4,Gram Pro,LG Gram Pro 0338,AMD Ryzen 5 7535HS,NVIDIA GeForce RTX 3060 Laptop,8,256,15.6,1920x1080,240,0,2.42,56,32230000,35160000,232,Laptop Gaming,,https://example-retailer.vn/mock,2026-01-15,GAMING
DEL-00339,Dell,5,Vostro,Dell Vostro 0339,Intel Core i5-1235U,Intel Iris Xe Graphics,16,512,14.0,1366x768,60,0,1.33,56,19500000,,120,Hoc tap - Van phong,,https://example-retailer.vn/mock,2026-01-15,OFFICE
AVI-00340,Avita,1,Liber,Avita Liber 0340,Intel Core i7-1255U,Intel UHD Graphics (Alder Lake),8,512,13.3,1920x1200,60,0,1.09,49,13930000,,10,Mong nhe,,https://example-retailer.vn/mock,2026-01-15,ULTRABOOK
HUA-00341,Huawei,3,MateBook 16s,Huawei MateBook 16s 0341,AMD Ryzen 7 7735HS,NVIDIA GeForce RTX 4070 Laptop,8,1024,17.3,1920x1200,90,1,2.97,66,34510000,,155,Laptop Gaming,,https://example-retailer.vn/mock,2026-01-15,GAMING
HUA-00342,Huawei,3,MateBook X,Huawei MateBook X 0342,Intel Core i7-12700H,Intel UHD Graphics (Alder Lake),16,512,15.6,1920x1080,60,1,1.37,44,25370000,,154,Mong nhe,,https://example-retailer.vn/mock,2026-01-15,ULTRABOOK
GIG-00343,Gigabyte,3,Aero,Gigabyte Aero 0343,AMD Ryzen 3 7320U,AMD Radeon 680M,8,512,14.0,2560x1600,120,1,1.07,63,17260000,22310000,166,Mong nhe,,https://example-retailer.vn/mock,2026-01-15,ULTRABOOK
LG-00344,LG,4,Gram,LG Gram 0344,Intel Core i5-1335U,Intel Iris Xe Graphics,8,256,13.6,1920x1200,120,0,0.95,58,19360000,,56,Mong nhe,,https://example-retailer.vn/mock,2026-01-15,ULTRABOOK
APP-00345,Apple,5,MacBook Air,Apple MacBook Air 0345,Apple M1,Apple GPU 10-core,8,256,13.6,1920x1200,90,0,1.01,59,27110000,32840000,138,Mong nhe,,https://example-retailer.vn/mock,2026-01-15,ULTRABOOK
HP-00346,HP,4,Omen,HP Omen 0346,Intel Core i5-1335U,NVIDIA GeForce MX550,8,256,14.0,2560x1600,60,1,2.02,54,22190000,,79,Do hoa - Ky thuat,,https://example-retailer.vn/mock,2026-01-15,CREATOR
DEL-00347,Dell,5,XPS,Dell XPS 0347,AMD Ryzen 7 5800H,AMD Radeon 780M,8,1024,15.6,1366x768,60,1,1.39,46,23570000,,84,Mong nhe,,https://example-retailer.vn/mock,2026-01-15,ULTRABOOK
DEL-00348,Dell,5,G15,Dell G15 0348,Intel Core i7-13620H,NVIDIA GeForce RTX 4080 Laptop,32,512,16.2,2560x1600,60,1,2.63,68,55640000,64860000,208,Laptop Gaming,,https://example-retailer.vn/mock,2026-01-15,GAMING
ACE-00349,Acer,3,Aspire,Acer Aspire 0349,Intel Core i5-12450H,Intel Iris Xe Graphics,8,512,16.0,1920x1080,60,0,1.43,45,14050000,18190000,62,Hoc tap - Van phong,,https://example-retailer.vn/mock,2026-01-15,OFFICE
LG-00350,LG,4,Gram Pro,LG Gram Pro 0350,Intel Core i7-13700H,NVIDIA GeForce RTX 4080 Laptop,16,1024,17.3,1920x1200,120,1,2.71,61,57310000,72240000,101,Laptop Gaming,,https://example-retailer.vn/mock,2026-01-15,GAMING
LEN-00351,Lenovo,4,LOQ,Lenovo LOQ 0351,Intel Core i5-13420H,NVIDIA GeForce RTX 4050 Laptop,8,256,17.3,1920x1080,240,0,2.48,100,27530000,31320000,91,Laptop Gaming,,https://example-retailer.vn/mock,2026-01-15,GAMING
HP-00352,HP,4,Omen,HP Omen 0352,AMD Ryzen 9 7940HS,NVIDIA GeForce RTX 3050 Laptop,16,2048,16.0,2560x1440,144,1,2.44,65,40090000,,80,Laptop Gaming,,https://example-retailer.vn/mock,2026-01-15,GAMING
GIG-00353,Gigabyte,3,Aorus,Gigabyte Aorus 0353,Intel Core i7-13620H,NVIDIA GeForce RTX 3050 Laptop,16,512,16.1,1920x1080,144,1,2.4,76,28560000,,21,Laptop Gaming,,https://example-retailer.vn/mock,2026-01-15,GAMING
HP-00354,HP,4,Victus,HP Victus 0354,AMD Ryzen 7 5800H,AMD Radeon RX 6600M,16,512,16.0,2560x1600,90,1,2.33,87,35130000,,105,Laptop Gaming,,https://example-retailer.vn/mock,2026-01-15,GAMING
ASU-00355,ASUS,4,ROG Strix,ASUS ROG Strix 0355,AMD Ryzen 7 5800H,NVIDIA GeForce RTX 4070 Laptop,16,512,16.2,1920x1200,120,1,2.83,67,36070000,40380000,136,Laptop Gaming,,https://example-retailer.vn/mock,2026-01-15,GAMING
HUA-00356,Huawei,3,MateBook 16s,Huawei MateBook 16s 0356,Intel Core i5-12500H,NVIDIA GeForce RTX 3050 Laptop,8,1024,15.6,2560x1440,144,0,2.33,54,27710000,33150000,69,Laptop Gaming,,https://example-retailer.vn/mock,2026-01-15,GAMING
ACE-00357,Acer,3,Nitro,Acer Nitro 0357,AMD Ryzen 5 7535HS,NVIDIA RTX A2000 Laptop,16,512,15.6,1920x1080,240,0,2.23,66,25260000,,127,Laptop Gaming,,https://example-retailer.vn/mock,2026-01-15,GAMING
MSI-00358,MSI,3,Katana,MSI Katana 0358,Intel Core i5-1335U,NVIDIA GeForce MX550,16,256,14.0,1920x1080,60,1,2.07,46,23540000,27820000,137,Do hoa - Ky thuat,,https://example-retailer.vn/mock,2026-01-15,CREATOR
ASU-00359,ASUS,4,ProArt,ASUS ProArt 0359,AMD Ryzen 5 7535HS,NVIDIA GeForce RTX 3060 Laptop,16,512,15.6,1920x1080,144,0,2.35,68,26080000,,71,Laptop Gaming,,https://example-retailer.vn/mock,2026-01-15,GAMING
LEN-00360,Lenovo,4,ThinkPad X1,Lenovo ThinkPad X1 0360,AMD Ryzen 3 7320U,AMD Radeon 660M,8,256,14.5,1920x1200,60,0,0.95,55,13530000,,66,Mong nhe,,https://example-retailer.vn/mock,2026-01-15,ULTRABOOK
MSI-00361,MSI,3,Creator,MSI Creator 0361,AMD Ryzen 5 7535HS,NVIDIA GeForce RTX 4070 Laptop,16,512,16.0,2560x1600,90,1,2.39,49,34790000,,113,Do hoa - Ky thuat,,https://example-retailer.vn/mock,2026-01-15,CREATOR
LG-00362,LG,4,Gram,LG Gram 0362,Intel Core i5-1235U,Intel UHD Graphics (Alder Lake),16,1024,16.0,1366x768,60,0,1.45,51,22480000,29850000,21,Hoc tap - Van phong,,https://example-retailer.vn/mock,2026-01-15,OFFICE
HUA-00363,Huawei,3,MateBook 16s,Huawei MateBook 16s 0363,Intel Core i7-12700H,NVIDIA GeForce RTX 4070 Laptop,8,512,15.6,1920x1080,144,1,2.37,93,35560000,45140000,152,Laptop Gaming,,https://example-retailer.vn/mock,2026-01-15,GAMING
MSI-00364,MSI,3,Modern,MSI Modern 0364,Intel Core i5-12450H,Intel Iris Xe Graphics,8,512,16.0,1920x1080,60,0,1.32,54,16340000,20730000,70,Hoc tap - Van phong,,https://example-retailer.vn/mock,2026-01-15,OFFICE
MSI-00365,MSI,3,Modern,MSI Modern 0365,Intel Celeron N4500,Intel UHD Graphics,8,512,15.6,1920x1080,60,0,1.37,54,12880000,,151,Hoc tap - Van phong,,https://example-retailer.vn/mock,2026-01-15,OFFICE
MSI-00366,MSI,3,Modern,MSI Modern 0366,Intel Core i7-1255U,Intel UHD Graphics,8,512,15.6,1366x768,60,0,1.37,54,16720000,,89,Hoc tap - Van phong,,https://example-retailer.vn/mock,2026-01-15,OFFICE
HP-00367,HP,4,240 G9,HP 240 G9 0367,Intel Core i3-1215U,Intel UHD Graphics (Alder Lake),8,256,14.0,1920x1080,60,0,1.48,56,14480000,,85,Hoc tap - Van phong,,https://example-retailer.vn/mock,2026-01-15,OFFICE
HUA-00368,Huawei,3,MateBook D,Huawei MateBook D 0368,Intel Pentium Silver N6000,Intel UHD Graphics,8,256,15.6,1920x1080,120,0,1.38,46,10570000,11790000,104,Hoc tap - Van phong,,https://example-retailer.vn/mock,2026-01-15,OFFICE
LG-00369,LG,4,Gram Pro,LG Gram Pro 0369,AMD Ryzen 5 7530U,NVIDIA GeForce RTX 2050,8,256,14.5,2560x1600,120,1,2.03,51,25650000,32650000,0,Do hoa - Ky thuat,,https://example-retailer.vn/mock,2026-01-15,CREATOR
ASU-00370,ASUS,4,ROG Strix,ASUS ROG Strix 0370,Intel Core i7-14700HX,NVIDIA GeForce RTX 3050 Laptop,32,512,15.6,1920x1080,120,0,2.35,90,36730000,,188,Laptop Gaming,,https://example-retailer.vn/mock,2026-01-15,GAMING
ACE-00371,Acer,3,Aspire,Acer Aspire 0371,AMD Ryzen 3 7320U,AMD Radeon Graphics (Vega),8,256,16.0,1920x1080,60,0,1.4,43,11230000,,52,Hoc tap - Van phong,,https://example-retailer.vn/mock,2026-01-15,OFFICE
LG-00372,LG,4,Gram Pro,LG Gram Pro 0372,AMD Ryzen 7 7735HS,NVIDIA GeForce RTX 3050 Laptop,16,256,15.6,2560x1440,144,1,2.1,75,30440000,,105,Do hoa - Ky thuat,,https://example-retailer.vn/mock,2026-01-15,CREATOR
AVI-00373,Avita,1,Pura,Avita Pura 0373,AMD Ryzen 3 7320U,AMD Radeon 660M,8,128,15.6,1920x1080,60,0,1.59,41,10420000,11750000,91,Hoc tap - Van phong,,https://example-retailer.vn/mock,2026-01-15,OFFICE
HUA-00374,Huawei,3,MateBook X,Huawei MateBook X 0374,Intel Core i7-1255U,Intel UHD Graphics (Alder Lake),8,1024,15.6,1920x1080,60,0,1.27,40,18050000,20520000,133,Mong nhe,,https://example-retailer.vn/mock,2026-01-15,ULTRABOOK
DEL-00375,Dell,5,XPS,Dell XPS 0375,Intel Core i7-1255U,Intel UHD Graphics (Alder Lake),8,512,14.0,1920x1200,120,0,1.31,46,18770000,21540000,175,Mong nhe,,https://example-retailer.vn/mock,2026-01-15,ULTRABOOK
AVI-00376,Avita,1,Liber,Avita Liber 0376,Intel Core i5-1235U,Intel Iris Xe Graphics,8,512,15.6,1920x1200,120,0,1.24,41,12350000,,109,Mong nhe,,https://example-retailer.vn/mock,2026-01-15,ULTRABOOK
ASU-00377,ASUS,4,ProArt,ASUS ProArt 0377,AMD Ryzen 7 5800H,NVIDIA RTX A2000 Laptop,16,512,17.3,2560x1440,144,0,2.58,66,30190000,,168,Laptop Gaming,,https://example-retailer.vn/mock,2026-01-15,GAMING
APP-00378,Apple,5,MacBook Air,Apple MacBook Air 0378,Apple M3,Apple GPU 8-core,16,512,14.0,1920x1200,120,1,1.13,42,38580000,43530000,207,Mong nhe,,https://example-retailer.vn/mock,2026-01-15,ULTRABOOK
ACE-00379,Acer,3,Nitro,Acer Nitro 0379,Intel Core i9-13900H,NVIDIA GeForce RTX 4060 Laptop,32,512,15.6,1920x1200,165,1,2.4,67,40170000,,113,Laptop Gaming,,https://example-retailer.vn/mock,2026-01-15,GAMING
LEN-00380,Lenovo,4,IdeaPad Slim,Lenovo IdeaPad Slim 0380,Intel Core i5-12500H,Intel UHD Graphics (Alder Lake),8,1024,15.6,1920x1080,60,0,1.5,40,20170000,,125,Hoc tap - Van phong,,https://example-retailer.vn/mock,2026-01-15,OFFICE
ACE-00381,Acer,3,TravelMate,Acer TravelMate 0381,Intel Pentium Silver N6000,Intel UHD Graphics,16,256,15.6,1920x1080,60,0,1.52,49,11800000,,96,Hoc tap - Van phong,,https://example-retailer.vn/mock,2026-01-15,OFFICE
LG-00382,LG,4,Gram Pro,LG Gram Pro 0382,Intel Core i7-14700HX,NVIDIA GeForce RTX 3050 Ti Laptop,32,1024,16.1,2560x1440,144,0,2.39,86,46400000,,78,Laptop Gaming,,https://example-retailer.vn/mock,2026-01-15,GAMING
ASU-00383,ASUS,4,ROG Strix,ASUS ROG Strix 0383,AMD Ryzen 5 7535HS,AMD Radeon Graphics (Vega),32,256,15.6,1920x1080,60,1,1.39,50,21470000,24670000,124,Do hoa - Ky thuat,,https://example-retailer.vn/mock,2026-01-15,CREATOR
HP-00384,HP,4,Victus,HP Victus 0384,Intel Core i7-14700HX,NVIDIA GeForce RTX 4080 Laptop,16,2048,17.3,2560x1440,144,1,2.59,76,67520000,79450000,155,Laptop Gaming,,https://example-retailer.vn/mock,2026-01-15,GAMING
LG-00385,LG,4,Gram Pro,LG Gram Pro 0385,AMD Ryzen 9 7940HS,NVIDIA GeForce RTX 4060 Laptop,16,512,16.1,1920x1080,165,1,2.67,92,44820000,,189,Laptop Gaming,,https://example-retailer.vn/mock,2026-01-15,GAMING
LEN-00386,Lenovo,4,Yoga Slim,Lenovo Yoga Slim 0386,AMD Ryzen 7 7730U,AMD Radeon Graphics (Vega),8,512,14.0,1920x1200,90,0,1.23,61,15860000,,59,Mong nhe,,https://example-retailer.vn/mock,2026-01-15,ULTRABOOK
MSI-00387,MSI,3,Modern,MSI Modern 0387,Intel Core i7-1260P,NVIDIA GeForce MX550,8,256,13.3,1920x1200,60,0,1.67,61,17860000,,124,Hoc tap - Van phong,,https://example-retailer.vn/mock,2026-01-15,OFFICE
MAS-00388,Masstel,1,Nobel,Masstel Nobel 0388,Intel Pentium Silver N6000,Intel UHD Graphics,4,256,15.6,1920x1080,60,0,1.57,53,8270000,9940000,102,Hoc tap - Van phong,,https://example-retailer.vn/mock,2026-01-15,OFFICE
ASU-00389,ASUS,4,ExpertBook,ASUS ExpertBook 0389,AMD Ryzen 5 7535HS,AMD Radeon Graphics (Vega),16,512,15.6,1366x768,60,0,1.37,51,16670000,21390000,183,Hoc tap - Van phong,,https://example-retailer.vn/mock,2026-01-15,OFFICE
HP-00390,HP,4,ProBook,HP ProBook 0390,Intel Core i5-1235U,NVIDIA GeForce RTX 2050,16,512,14.5,2560x1600,90,0,1.97,50,23320000,,117,Hoc tap - Van phong,,https://example-retailer.vn/mock,2026-01-15,OFFICE
MSI-00391,MSI,3,Raider,MSI Raider 0391,Intel Core i5-12500H,NVIDIA GeForce RTX 4060 Laptop,32,1024,16.2,3840x2160,60,1,2.6,64,41410000,53220000,111,Do hoa - Ky thuat,,https://example-retailer.vn/mock,2026-01-15,CREATOR
DEL-00392,Dell,5,Alienware M,Dell Alienware M 0392,AMD Ryzen 7 7735HS,NVIDIA GeForce RTX 3050 Laptop,16,1024,16.0,1920x1200,60,0,2.35,45,33040000,,121,Do hoa - Ky thuat,,https://example-retailer.vn/mock,2026-01-15,CREATOR
MSI-00393,MSI,3,Katana,MSI Katana 0393,Intel Core i7-13620H,NVIDIA GeForce RTX 4060 Laptop,16,512,15.6,1920x1080,60,0,2.71,40,34280000,,85,Laptop Gaming,,https://example-retailer.vn/mock,2026-01-15,GAMING
AVI-00394,Avita,1,Pura,Avita Pura 0394,Intel Celeron N4500,Intel UHD Graphics,8,256,16.0,1920x1200,60,0,1.54,52,8630000,,41,Hoc tap - Van phong,,https://example-retailer.vn/mock,2026-01-15,OFFICE
ACE-00395,Acer,3,Aspire,Acer Aspire 0395,Intel Pentium Silver N6000,Intel UHD Graphics,8,256,15.6,1920x1080,60,0,1.13,45,9750000,,30,Hoc tap - Van phong,,https://example-retailer.vn/mock,2026-01-15,OFFICE
MSI-00396,MSI,3,Creator,MSI Creator 0396,Intel Core i9-13900H,NVIDIA GeForce RTX 4070 Laptop,16,1024,15.6,1920x1080,144,1,2.53,77,44550000,,69,Laptop Gaming,,https://example-retailer.vn/mock,2026-01-15,GAMING
DEL-00397,Dell,5,Alienware M,Dell Alienware M 0397,Intel Core i7-14700HX,NVIDIA GeForce RTX 4080 Laptop,32,1024,14.0,1920x1200,120,1,2.44,66,62120000,,156,Do hoa - Ky thuat,,https://example-retailer.vn/mock,2026-01-15,CREATOR
GIG-00398,Gigabyte,3,G5,Gigabyte G5 0398,Intel Pentium Silver N6000,Intel UHD Graphics,8,512,16.0,1920x1080,60,0,1.33,44,12680000,,106,Hoc tap - Van phong,,https://example-retailer.vn/mock,2026-01-15,OFFICE
ACE-00399,Acer,3,Nitro,Acer Nitro 0399,Intel Core i7-13700H,NVIDIA GeForce RTX 3050 Laptop,16,1024,16.0,1920x1080,240,1,2.25,88,27420000,29560000,181,Laptop Gaming,,https://example-retailer.vn/mock,2026-01-15,GAMING
HUA-00400,Huawei,3,MateBook 16s,Huawei MateBook 16s 0400,Intel Core i7-13620H,NVIDIA GeForce RTX 4080 Laptop,16,1024,15.6,1920x1080,240,1,2.85,65,41140000,,24,Laptop Gaming,,https://example-retailer.vn/mock,2026-01-15,GAMING
HUA-00401,Huawei,3,MateBook D,Huawei MateBook D 0401,AMD Ryzen 5 5500U,AMD Radeon Graphics (Vega),8,256,15.6,1920x1080,60,1,1.47,51,15480000,,136,Hoc tap - Van phong,,https://example-retailer.vn/mock,2026-01-15,OFFICE
DEL-00402,Dell,5,G15,Dell G15 0402,Intel Core i3-1215U,NVIDIA GeForce RTX 2050,8,256,13.6,1920x1200,60,1,2.01,64,22750000,,63,Do hoa - Ky thuat,,https://example-retailer.vn/mock,2026-01-15,CREATOR
MAS-00403,Masstel,1,Nobel,Masstel Nobel 0403,Intel Core i5-1335U,Intel UHD Graphics,8,512,14.0,1920x1200,120,0,0.95,56,12320000,,81,Mong nhe,,https://example-retailer.vn/mock,2026-01-15,ULTRABOOK
HUA-00404,Huawei,3,MateBook X,Huawei MateBook X 0404,Intel Core i7-1255U,Intel UHD Graphics (Alder Lake),8,256,14.0,1366x768,60,0,1.33,40,14460000,17410000,195,Mong nhe,,https://example-retailer.vn/mock,2026-01-15,ULTRABOOK
ASU-00405,ASUS,4,ProArt,ASUS ProArt 0405,Intel Core i7-13620H,NVIDIA GeForce RTX 4050 Laptop,16,1024,15.6,2560x1440,165,0,2.18,95,29320000,37240000,166,Laptop Gaming,,https://example-retailer.vn/mock,2026-01-15,GAMING
GIG-00406,Gigabyte,3,Aorus,Gigabyte Aorus 0406,AMD Ryzen 5 7535HS,AMD Radeon RX 6600M,32,256,16.0,1920x1080,60,1,2.34,71,26870000,,135,Do hoa - Ky thuat,,https://example-retailer.vn/mock,2026-01-15,CREATOR
GIG-00407,Gigabyte,3,G5,Gigabyte G5 0407,AMD Ryzen 7 5800H,NVIDIA GeForce RTX 4080 Laptop,8,256,16.1,1920x1080,144,0,2.67,50,38390000,,110,Laptop Gaming,,https://example-retailer.vn/mock,2026-01-15,GAMING
MSI-00408,MSI,3,Modern,MSI Modern 0408,AMD Ryzen 5 7530U,AMD Radeon Graphics (Vega),16,512,15.6,1920x1080,60,0,1.35,42,19630000,23000000,198,Hoc tap - Van phong,,https://example-retailer.vn/mock,2026-01-15,OFFICE
APP-00409,Apple,5,MacBook Air,Apple MacBook Air 0409,Apple M3,Apple GPU 10-core,16,512,13.6,1920x1200,90,0,1.14,76,34970000,,103,Mong nhe,,https://example-retailer.vn/mock,2026-01-15,ULTRABOOK
MSI-00410,MSI,3,Modern,MSI Modern 0410,Intel Core i7-1255U,Intel UHD Graphics (Alder Lake),16,256,15.6,1366x768,60,0,1.55,54,17020000,,141,Hoc tap - Van phong,,https://example-retailer.vn/mock,2026-01-15,OFFICE
ASU-00411,ASUS,4,VivoBook S,ASUS VivoBook S 0411,AMD Ryzen 7 7730U,AMD Radeon Graphics (Vega),16,1024,13.3,2560x1600,90,1,0.95,60,19820000,23970000,201,Mong nhe,,https://example-retailer.vn/mock,2026-01-15,ULTRABOOK
ACE-00412,Acer,3,Aspire,Acer Aspire 0412,AMD Ryzen 3 7320U,AMD Radeon 660M,16,512,15.6,1920x1200,60,0,1.38,46,15570000,,0,Hoc tap - Van phong,,https://example-retailer.vn/mock,2026-01-15,OFFICE
HUA-00413,Huawei,3,MateBook 16s,Huawei MateBook 16s 0413,Intel Core i7-12700H,NVIDIA GeForce RTX 4070 Laptop,8,512,16.0,1920x1080,144,1,2.82,61,33390000,,142,Laptop Gaming,,https://example-retailer.vn/mock,2026-01-15,GAMING
LG-00414,LG,4,Gram Pro,LG Gram Pro 0414,AMD Ryzen 7 7840HS,NVIDIA GeForce RTX 3060 Laptop,16,512,15.6,1920x1080,144,1,2.42,85,43250000,,124,Laptop Gaming,,https://example-retailer.vn/mock,2026-01-15,GAMING
HP-00415,HP,4,Pavilion,HP Pavilion 0415,AMD Ryzen 5 5500U,AMD Radeon 680M,8,512,15.6,1920x1080,60,0,1.68,40,15010000,,122,Hoc tap - Van phong,,https://example-retailer.vn/mock,2026-01-15,OFFICE
GIG-00416,Gigabyte,3,G5,Gigabyte G5 0416,AMD Ryzen 5 5500U,AMD Radeon 660M,16,512,15.6,1920x1080,60,0,1.47,41,14230000,17160000,139,Hoc tap - Van phong,,https://example-retailer.vn/mock,2026-01-15,OFFICE
LG-00417,LG,4,Gram Pro,LG Gram Pro 0417,Intel Core i9-13900H,NVIDIA GeForce RTX 4070 Laptop,16,512,16.1,1920x1080,120,1,2.53,82,55430000,,41,Laptop Gaming,,https://example-retailer.vn/mock,2026-01-15,GAMING
GIG-00418,Gigabyte,3,Aorus,Gigabyte Aorus 0418,AMD Ryzen 5 7535HS,NVIDIA GeForce RTX 4050 Laptop,16,512,15.6,1920x1080,165,0,2.15,70,26600000,32310000,227,Laptop Gaming,,https://example-retailer.vn/mock,2026-01-15,GAMING
DEL-00419,Dell,5,Alienware M,Dell Alienware M 0419,Intel Core i7-13700H,NVIDIA RTX A2000 Laptop,16,2048,17.3,2560x1440,144,0,2.35,92,43240000,,201,Laptop Gaming,,https://example-retailer.vn/mock,2026-01-15,GAMING
ACE-00420,Acer,3,Aspire,Acer Aspire 0420,AMD Ryzen 3 7320U,AMD Radeon 680M,4,256,15.6,1920x1080,60,0,1.5,49,10300000,,84,Hoc tap - Van phong,,https://example-retailer.vn/mock,2026-01-15,OFFICE
ACE-00421,Acer,3,Nitro,Acer Nitro 0421,Intel Core i5-1235U,NVIDIA GeForce MX550,8,256,14.0,1920x1200,60,1,1.83,47,14600000,,43,Do hoa - Ky thuat,,https://example-retailer.vn/mock,2026-01-15,CREATOR
ACE-00422,Acer,3,Nitro,Acer Nitro 0422,Intel Core i7-13700H,NVIDIA GeForce RTX 3050 Ti Laptop,16,1024,15.6,1920x1080,120,1,2.34,74,29840000,,49,Do hoa - Ky thuat,,https://example-retailer.vn/mock,2026-01-15,CREATOR
ASU-00423,ASUS,4,TUF Gaming,ASUS TUF Gaming 0423,AMD Ryzen 7 7735HS,NVIDIA GeForce RTX 4080 Laptop,16,512,15.6,1920x1080,165,1,2.57,60,46730000,59450000,110,Laptop Gaming,,https://example-retailer.vn/mock,2026-01-15,GAMING
ACE-00424,Acer,3,TravelMate,Acer TravelMate 0424,Intel Core i5-1235U,Intel UHD Graphics (Alder Lake),16,512,16.0,1920x1080,60,0,1.61,43,14750000,17480000,131,Hoc tap - Van phong,,https://example-retailer.vn/mock,2026-01-15,OFFICE
LG-00425,LG,4,Gram,LG Gram 0425,AMD Ryzen 5 5500U,AMD Radeon 660M,32,512,14.0,1366x768,60,0,1.29,47,27600000,,45,Mong nhe,,https://example-retailer.vn/mock,2026-01-15,ULTRABOOK
AVI-00426,Avita,1,Liber,Avita Liber 0426,Intel Core i7-1355U,Intel UHD Graphics (Alder Lake),16,512,13.6,2560x1600,90,1,1.12,65,18070000,22260000,84,Mong nhe,,https://example-retailer.vn/mock,2026-01-15,ULTRABOOK
DEL-00427,Dell,5,XPS,Dell XPS 0427,Intel Core i3-1215U,Intel UHD Graphics,4,128,14.0,1920x1200,120,1,1.08,76,15130000,18310000,140,Mong nhe,,https://example-retailer.vn/mock,2026-01-15,ULTRABOOK
LEN-00428,Lenovo,4,LOQ,Lenovo LOQ 0428,AMD Ryzen 7 7735HS,NVIDIA GeForce RTX 3060 Laptop,16,512,16.2,2560x1600,120,1,2.45,72,31490000,,86,Do hoa - Ky thuat,,https://example-retailer.vn/mock,2026-01-15,CREATOR
GIG-00429,Gigabyte,3,Aorus,Gigabyte Aorus 0429,Intel Core i7-13620H,NVIDIA GeForce RTX 4050 Laptop,16,1024,16.0,2560x1440,165,0,2.14,85,31140000,,147,Laptop Gaming,,https://example-retailer.vn/mock,2026-01-15,GAMING
HUA-00430,Huawei,3,MateBook D,Huawei MateBook D 0430,Intel Celeron N4500,Intel UHD Graphics,8,128,15.6,1920x1080,60,0,1.51,47,12370000,14190000,165,Hoc tap - Van phong,,https://example-retailer.vn/mock,2026-01-15,OFFICE
ASU-00431,ASUS,4,ZenBook,ASUS ZenBook 0431,Intel Core i7-1255U,Intel UHD Graphics (Alder Lake),16,512,14.0,1366x768,60,0,1.32,43,18630000,,174,Mong nhe,,https://example-retailer.vn/mock,2026-01-15,ULTRABOOK
DEL-00432,Dell,5,Alienware M,Dell Alienware M 0432,Intel Core i5-13420H,NVIDIA GeForce RTX 3050 Laptop,16,512,16.2,2560x1600,90,0,2.31,66,28240000,,61,Laptop Gaming,,https://example-retailer.vn/mock,2026-01-15,GAMING
APP-00433,Apple,5,MacBook Air,Apple MacBook Air 0433,Apple M1,Apple GPU 8-core,8,1024,14.0,1920x1200,90,0,1.22,57,30690000,34510000,89,Mong nhe,,https://example-retailer.vn/mock,2026-01-15,ULTRABOOK
MSI-00434,MSI,3,Raider,MSI Raider 0434,AMD Ryzen 7 7735HS,NVIDIA GeForce RTX 3050 Laptop,32,512,16.1,2560x1440,144,1,2.37,56,33720000,,97,Laptop Gaming,,https://example-retailer.vn/mock,2026-01-15,GAMING
LEN-00435,Lenovo,4,LOQ,Lenovo LOQ 0435,Intel Core i7-13620H,NVIDIA GeForce RTX 3060 Laptop,16,1024,16.1,2560x1440,144,1,2.35,59,34290000,,53,Laptop Gaming,,https://example-retailer.vn/mock,2026-01-15,GAMING
ACE-00436,Acer,3,TravelMate,Acer TravelMate 0436,Intel Core i7-1255U,Intel Iris Xe Graphics,16,512,15.6,1920x1200,60,0,1.42,32,16710000,20740000,125,Hoc tap - Van phong,,https://example-retailer.vn/mock,2026-01-15,OFFICE
AVI-00437,Avita,1,Pura,Avita Pura 0437,AMD Ryzen 5 5500U,AMD Radeon 680M,16,512,16.0,1920x1080,60,0,1.39,35,13150000,14270000,78,Hoc tap - Van phong,,https://example-retailer.vn/mock,2026-01-15,OFFICE
DEL-00438,Dell,5,XPS,Dell XPS 0438,Intel Core i5-1335U,Intel UHD Graphics (Alder Lake),16,1024,14.0,1920x1080,60,0,1.39,48,22310000,,102,Mong nhe,,https://example-retailer.vn/mock,2026-01-15,ULTRABOOK
ASU-00439,ASUS,4,ZenBook,ASUS ZenBook 0439,Intel Core i7-1255U,Intel Iris Xe Graphics,16,512,15.6,1920x1080,120,0,1.4,37,19940000,25480000,144,Mong nhe,,https://example-retailer.vn/mock,2026-01-15,ULTRABOOK
LEN-00440,Lenovo,4,LOQ,Lenovo LOQ 0440,Intel Core i7-13700H,NVIDIA GeForce RTX 4070 Laptop,16,1024,15.6,1920x1080,144,1,2.79,51,45100000,,131,Laptop Gaming,,https://example-retailer.vn/mock,2026-01-15,GAMING
MAS-00441,Masstel,1,Nobel,Masstel Nobel 0441,AMD Ryzen 5 5500U,AMD Radeon 680M,16,256,15.6,1366x768,60,0,1.51,32,11360000,,102,Hoc tap - Van phong,,https://example-retailer.vn/mock,2026-01-15,OFFICE
HP-00442,HP,4,Envy x360,HP Envy x360 0442,AMD Ryzen 7 5800H,AMD Radeon 660M,16,512,15.6,1920x1200,60,1,1.25,40,24900000,29290000,257,Mong nhe,,https://example-retailer.vn/mock,2026-01-15,ULTRABOOK
MSI-00443,MSI,3,Creator,MSI Creator 0443,AMD Ryzen 9 7940HS,NVIDIA GeForce RTX 4050 Laptop,16,512,15.6,2560x1440,240,0,2.38,62,36270000,,89,Laptop Gaming,,https://example-retailer.vn/mock,2026-01-15,GAMING
ACE-00444,Acer,3,Aspire,Acer Aspire 0444,AMD Ryzen 5 7535HS,AMD Radeon 660M,8,1024,15.6,1920x1080,60,0,1.6,51,17260000,19680000,203,Hoc tap - Van phong,,https://example-retailer.vn/mock,2026-01-15,OFFICE
DEL-00445,Dell,5,Inspiron Slim,Dell Inspiron Slim 0445,Intel Core i7-13620H,Intel UHD Graphics (Alder Lake),16,1024,15.6,1920x1080,60,0,1.49,68,23370000,25880000,168,Mong nhe,,https://example-retailer.vn/mock,2026-01-15,ULTRABOOK
MSI-00446,MSI,3,Katana,MSI Katana 0446,Intel Core i7-13620H,NVIDIA GeForce RTX 4080 Laptop,16,512,14.0,1920x1080,60,1,2.48,42,38060000,,146,Laptop Gaming,,https://example-retailer.vn/mock,2026-01-15,GAMING
HP-00447,HP,4,Omen,HP Omen 0447,AMD Ryzen 7 5800H,NVIDIA RTX A2000 Laptop,32,512,15.6,1920x1080,60,1,2.33,55,35210000,,165,Do hoa - Ky thuat,,https://example-retailer.vn/mock,2026-01-15,CREATOR
MAS-00448,Masstel,1,Nobel,Masstel Nobel 0448,Intel Pentium Silver N6000,Intel UHD Graphics,8,128,15.6,1920x1080,60,0,1.36,43,8310000,,34,Hoc tap - Van phong,,https://example-retailer.vn/mock,2026-01-15,OFFICE
LEN-00449,Lenovo,4,LOQ,Lenovo LOQ 0449,Intel Core i7-13700H,NVIDIA GeForce RTX 4060 Laptop,32,1024,15.6,1920x1080,165,1,2.61,56,42060000,,69,Laptop Gaming,,https://example-retailer.vn/mock,2026-01-15,GAMING
ASU-00450,ASUS,4,VivoBook,ASUS VivoBook 0450,Intel Core i5-1235U,Intel Iris Xe Graphics,16,512,15.6,1920x1200,60,0,1.7,36,18930000,,152,Hoc tap - Van phong,,https://example-retailer.vn/mock,2026-01-15,OFFICE
LEN-00451,Lenovo,4,IdeaPad Slim,Lenovo IdeaPad Slim 0451,AMD Ryzen 5 7530U,AMD Radeon 680M,16,256,14.0,1920x1080,60,0,1.21,42,20300000,,104,Hoc tap - Van phong,,https://example-retailer.vn/mock,2026-01-15,OFFICE
GIG-00452,Gigabyte,3,Aorus,Gigabyte Aorus 0452,Intel Core i5-12500H,NVIDIA GeForce RTX 3050 Laptop,8,512,17.3,2560x1440,120,0,2.31,67,22780000,,99,Laptop Gaming,,https://example-retailer.vn/mock,2026-01-15,GAMING
AVI-00453,Avita,1,Pura,Avita Pura 0453,AMD Ryzen 5 5500U,AMD Radeon 660M,16,256,14.0,1920x1080,60,0,1.19,46,13820000,17290000,115,Hoc tap - Van phong,,https://example-retailer.vn/mock,2026-01-15,OFFICE
DEL-00454,Dell,5,G15,Dell G15 0454,Intel Core i7-13620H,NVIDIA GeForce RTX 4070 Laptop,32,256,16.0,1920x1080,120,1,2.85,61,44930000,,162,Do hoa - Ky thuat,,https://example-retailer.vn/mock,2026-01-15,CREATOR
ASU-00455,ASUS,4,ROG Strix,ASUS ROG Strix 0455,Intel Core i5-12450H,NVIDIA GeForce RTX 3050 Laptop,16,512,16.0,1920x1080,60,0,2.31,54,24430000,,119,Laptop Gaming,,https://example-retailer.vn/mock,2026-01-15,GAMING
ACE-00456,Acer,3,Swift,Acer Swift 0456,Intel Core i7-1355U,Intel UHD Graphics (Alder Lake),8,256,14.0,1920x1200,120,0,1.05,59,14690000,,92,Mong nhe,,https://example-retailer.vn/mock,2026-01-15,ULTRABOOK
LEN-00457,Lenovo,4,IdeaPad Slim,Lenovo IdeaPad Slim 0457,AMD Ryzen 5 5500U,AMD Radeon 680M,16,512,14.0,1920x1080,60,0,1.39,45,18050000,19680000,178,Hoc tap - Van phong,,https://example-retailer.vn/mock,2026-01-15,OFFICE
ASU-00458,ASUS,4,ProArt,ASUS ProArt 0458,Intel Core i7-14700HX,NVIDIA GeForce RTX 3050 Ti Laptop,64,512,16.1,2560x1440,144,1,2.35,47,51260000,59520000,285,Laptop Gaming,,https://example-retailer.vn/mock,2026-01-15,GAMING
MSI-00459,MSI,3,Modern,MSI Modern 0459,Intel Pentium Silver N6000,Intel UHD Graphics,8,256,15.6,1920x1080,60,0,1.58,38,12530000,,108,Hoc tap - Van phong,,https://example-retailer.vn/mock,2026-01-15,OFFICE
HP-00460,HP,4,Envy x360,HP Envy x360 0460,Intel Core i5-1335U,Intel UHD Graphics (Alder Lake),8,512,14.0,2560x1600,60,1,0.98,67,19020000,,108,Mong nhe,,https://example-retailer.vn/mock,2026-01-15,ULTRABOOK
ACE-00461,Acer,3,Predator Helios,Acer Predator Helios 0461,Intel Core i5-13420H,NVIDIA RTX A2000 Laptop,32,1024,15.6,1920x1080,120,0,2.18,67,31240000,,140,Laptop Gaming,,https://example-retailer.vn/mock,2026-01-15,GAMING
DEL-00462,Dell,5,Inspiron Slim,Dell Inspiron Slim 0462,Intel Core i5-1335U,Intel Iris Xe Graphics,32,256,14.0,1920x1200,60,1,1.24,59,27270000,,158,Mong nhe,,https://example-retailer.vn/mock,2026-01-15,ULTRABOOK
GIG-00463,Gigabyte,3,G5,Gigabyte G5 0463,AMD Ryzen 9 7940HS,NVIDIA GeForce RTX 4050 Laptop,16,2048,16.0,2560x1600,60,1,2.28,73,40940000,,85,Do hoa - Ky thuat,,https://example-retailer.vn/mock,2026-01-15,CREATOR
LEN-00464,Lenovo,4,Legion,Lenovo Legion 0464,AMD Ryzen 7 7840HS,NVIDIA GeForce RTX 4070 Laptop,32,512,17.3,1920x1080,120,1,2.74,76,45380000,51650000,238,Do hoa - Ky thuat,,https://example-retailer.vn/mock,2026-01-15,CREATOR
MAS-00465,Masstel,1,Nobel,Masstel Nobel 0465,AMD Ryzen 3 7320U,AMD Radeon Graphics (Vega),8,512,15.6,1366x768,60,0,1.48,32,11110000,,56,Hoc tap - Van phong,,https://example-retailer.vn/mock,2026-01-15,OFFICE
GIG-00466,Gigabyte,3,Aorus,Gigabyte Aorus 0466,Intel Core i7-14700HX,NVIDIA GeForce RTX 4050 Laptop,32,1024,15.6,3840x2160,60,1,2.41,92,38760000,,27,Do hoa - Ky thuat,,https://example-retailer.vn/mock,2026-01-15,CREATOR
ACE-00467,Acer,3,Swift,Acer Swift 0467,Intel Core i3-1215U,Intel UHD Graphics (Alder Lake),8,128,14.0,2560x1600,60,1,0.97,41,14310000,17790000,83,Mong nhe,,https://example-retailer.vn/mock,2026-01-15,ULTRABOOK
LEN-00468,Lenovo,4,LOQ,Lenovo LOQ 0468,Intel Core i9-13900H,NVIDIA GeForce RTX 3050 Ti Laptop,16,1024,17.3,2560x1440,120,0,2.41,70,36700000,,50,Laptop Gaming,,https://example-retailer.vn/mock,2026-01-15,GAMING
LG-00469,LG,4,Gram,LG Gram 0469,AMD Ryzen 3 7320U,AMD Radeon 660M,8,256,15.6,1920x1080,60,0,1.34,47,13190000,,112,Hoc tap - Van phong,,https://example-retailer.vn/mock,2026-01-15,OFFICE
HUA-00470,Huawei,3,MateBook 16s,Huawei MateBook 16s 0470,Intel Core i7-14700HX,NVIDIA GeForce RTX 4080 Laptop,16,1024,15.6,1920x1080,240,0,2.74,67,49780000,,20,Laptop Gaming,,https://example-retailer.vn/mock,2026-01-15,GAMING
DEL-00471,Dell,5,Vostro,Dell Vostro 0471,AMD Ryzen 7 5800H,AMD Radeon 660M,16,512,14.0,1920x1080,60,0,1.34,48,21720000,,161,Hoc tap - Van phong,,https://example-retailer.vn/mock,2026-01-15,OFFICE
MSI-00472,MSI,3,Katana,MSI Katana 0472,Intel Core i7-14700HX,NVIDIA GeForce RTX 3050 Laptop,32,512,16.0,1920x1080,120,1,2.41,65,44640000,,75,Do hoa - Ky thuat,,https://example-retailer.vn/mock,2026-01-15,CREATOR
AVI-00473,Avita,1,Liber,Avita Liber 0473,Intel Core i3-1215U,Intel UHD Graphics (Alder Lake),4,256,13.3,1920x1200,120,1,0.95,50,9700000,12130000,83,Mong nhe,,https://example-retailer.vn/mock,2026-01-15,ULTRABOOK
APP-00474,Apple,5,MacBook Air,Apple MacBook Air 0474,Apple M2,Apple GPU 10-core,16,512,14.0,2560x1600,60,1,1.35,64,37950000,42460000,108,Mong nhe,,https://example-retailer.vn/mock,2026-01-15,ULTRABOOK
HUA-00475,Huawei,3,MateBook D,Huawei MateBook D 0475,Intel Core i7-1260P,Intel UHD Graphics (Alder Lake),32,1024,16.0,1920x1080,60,0,1.52,46,25440000,,78,Hoc tap - Van phong,,https://example-retailer.vn/mock,2026-01-15,OFFICE
DEL-00476,Dell,5,Inspiron Slim,Dell Inspiron Slim 0476,Intel Core i7-1255U,Intel UHD Graphics (Alder Lake),8,512,15.6,1920x1080,120,0,1.3,35,18430000,,129,Mong nhe,,https://example-retailer.vn/mock,2026-01-15,ULTRABOOK
LEN-00477,Lenovo,4,IdeaPad Slim,Lenovo IdeaPad Slim 0477,Intel Core i3-1215U,Intel UHD Graphics,4,256,15.6,1920x1080,60,0,1.52,54,11930000,,123,Hoc tap - Van phong,,https://example-retailer.vn/mock,2026-01-15,OFFICE
LG-00478,LG,4,Gram,LG Gram 0478,AMD Ryzen 5 5500U,AMD Radeon 660M,8,256,16.0,1920x1080,60,0,1.45,47,16410000,18450000,77,Hoc tap - Van phong,,https://example-retailer.vn/mock,2026-01-15,OFFICE
ASU-00479,ASUS,4,ROG Strix,ASUS ROG Strix 0479,AMD Ryzen 9 7940HS,NVIDIA GeForce RTX 3050 Laptop,32,512,16.0,1920x1080,144,0,2.26,86,33150000,39750000,184,Laptop Gaming,,https://example-retailer.vn/mock,2026-01-15,GAMING
MAS-00480,Masstel,1,Nobel,Masstel Nobel 0480,Intel Core i7-1255U,Intel Iris Xe Graphics,16,256,16.0,1920x1080,60,0,1.6,37,13270000,,53,Hoc tap - Van phong,,https://example-retailer.vn/mock,2026-01-15,OFFICE
LEN-00481,Lenovo,4,LOQ,Lenovo LOQ 0481,AMD Ryzen 5 7535HS,NVIDIA GeForce RTX 3050 Laptop,32,1024,16.2,2560x1600,90,1,2.29,63,35800000,,47,Do hoa - Ky thuat,,https://example-retailer.vn/mock,2026-01-15,CREATOR
ASU-00482,ASUS,4,ProArt,ASUS ProArt 0482,AMD Ryzen 7 7735HS,NVIDIA GeForce RTX 4080 Laptop,16,256,16.0,1920x1080,120,1,2.62,55,42390000,,135,Laptop Gaming,,https://example-retailer.vn/mock,2026-01-15,GAMING
APP-00483,Apple,5,MacBook Air,Apple MacBook Air 0483,Apple M1,Apple GPU 10-core,8,256,14.5,2560x1600,90,0,0.99,65,26820000,30880000,156,Mong nhe,,https://example-retailer.vn/mock,2026-01-15,ULTRABOOK
AVI-00484,Avita,1,Pura,Avita Pura 0484,Intel Celeron N4500,Intel UHD Graphics,4,512,15.6,1920x1080,60,0,1.41,42,9040000,,96,Hoc tap - Van phong,,https://example-retailer.vn/mock,2026-01-15,OFFICE
MAS-00485,Masstel,1,Nobel,Masstel Nobel 0485,Intel Core i5-1235U,Intel Iris Xe Graphics,16,512,15.6,1366x768,120,0,1.33,36,12900000,,91,Hoc tap - Van phong,,https://example-retailer.vn/mock,2026-01-15,OFFICE
GIG-00486,Gigabyte,3,G5,Gigabyte G5 0486,AMD Ryzen 5 5500U,AMD Radeon 660M,16,512,16.0,1920x1080,60,0,1.52,49,13920000,,58,Hoc tap - Van phong,,https://example-retailer.vn/mock,2026-01-15,OFFICE
HUA-00487,Huawei,3,MateBook 16s,Huawei MateBook 16s 0487,Intel Core i9-13900H,NVIDIA GeForce RTX 3060 Laptop,16,1024,15.6,1920x1080,144,0,2.32,82,38430000,41320000,165,Laptop Gaming,,https://example-retailer.vn/mock,2026-01-15,GAMING
HP-00488,HP,4,Omen,HP Omen 0488,AMD Ryzen 7 7840HS,NVIDIA GeForce RTX 3060 Laptop,32,512,16.0,1920x1080,120,1,2.49,81,41300000,,125,Do hoa - Ky thuat,,https://example-retailer.vn/mock,2026-01-15,CREATOR
GIG-00489,Gigabyte,3,G5,Gigabyte G5 0489,Intel Core i9-13900H,NVIDIA GeForce RTX 4070 Laptop,32,1024,17.3,1920x1080,240,1,2.94,68,51940000,,41,Laptop Gaming,,https://example-retailer.vn/mock,2026-01-15,GAMING
GIG-00490,Gigabyte,3,Aero,Gigabyte Aero 0490,Intel Core i5-1240P,Intel UHD Graphics (Alder Lake),8,512,14.0,2880x1800,60,1,1.21,53,16430000,18840000,124,Mong nhe,,https://example-retailer.vn/mock,2026-01-15,ULTRABOOK
GIG-00491,Gigabyte,3,G5,Gigabyte G5 0491,AMD Ryzen 7 5800H,AMD Radeon 780M,16,512,15.6,1920x1080,60,0,1.65,50,18640000,,32,Hoc tap - Van phong,,https://example-retailer.vn/mock,2026-01-15,OFFICE
MSI-00492,MSI,3,Prestige,MSI Prestige 0492,Intel Core i3-1215U,Intel UHD Graphics,8,256,14.0,1920x1200,60,0,0.97,61,14070000,,144,Mong nhe,,https://example-retailer.vn/mock,2026-01-15,ULTRABOOK
ACE-00493,Acer,3,Predator Helios,Acer Predator Helios 0493,Intel Core i7-12700H,NVIDIA GeForce RTX 3050 Ti Laptop,32,256,16.0,1920x1080,144,0,2.48,56,28610000,34960000,92,Laptop Gaming,,https://example-retailer.vn/mock,2026-01-15,GAMING
DEL-00494,Dell,5,Alienware M,Dell Alienware M 0494,AMD Ryzen 7 7730U,NVIDIA GeForce MX550,8,512,16.0,1366x768,60,0,2.29,55,23170000,27240000,200,Laptop Gaming,,https://example-retailer.vn/mock,2026-01-15,GAMING
LG-00495,LG,4,Gram,LG Gram 0495,Intel Core i3-1215U,Intel UHD Graphics (Alder Lake),8,512,14.0,1920x1080,60,0,1.54,53,16000000,21310000,110,Hoc tap - Van phong,,https://example-retailer.vn/mock,2026-01-15,OFFICE
MSI-00496,MSI,3,Creator,MSI Creator 0496,Intel Core i7-13620H,NVIDIA GeForce RTX 3060 Laptop,8,1024,16.1,1920x1080,144,1,2.27,95,32610000,,123,Laptop Gaming,,https://example-retailer.vn/mock,2026-01-15,GAMING
MSI-00497,MSI,3,Katana,MSI Katana 0497,AMD Ryzen 7 7735HS,AMD Radeon RX 7600M XT,16,512,17.3,1920x1080,165,1,2.98,87,35860000,44310000,74,Laptop Gaming,,https://example-retailer.vn/mock,2026-01-15,GAMING
GIG-00498,Gigabyte,3,Aero,Gigabyte Aero 0498,Intel Core i5-12450H,Intel Iris Xe Graphics,16,512,16.0,1920x1080,120,0,1.54,60,18750000,,52,Mong nhe,,https://example-retailer.vn/mock,2026-01-15,ULTRABOOK
HP-00499,HP,4,ProBook,HP ProBook 0499,AMD Ryzen 5 5500U,AMD Radeon Graphics (Vega),16,256,15.6,1920x1080,120,0,1.48,32,17840000,,81,Hoc tap - Van phong,,https://example-retailer.vn/mock,2026-01-15,OFFICE
AVI-00500,Avita,1,Liber,Avita Liber 0500,Intel Core i7-1355U,Intel UHD Graphics (Alder Lake),8,256,13.6,1920x1200,120,1,0.95,66,13030000,,66,Mong nhe,,https://example-retailer.vn/mock,2026-01-15,ULTRABOOK
HP-00501,HP,4,Pavilion,HP Pavilion 0501,Intel Core i5-1335U,Intel Iris Xe Graphics,8,512,16.0,1920x1080,120,0,1.39,48,17410000,,126,Hoc tap - Van phong,,https://example-retailer.vn/mock,2026-01-15,OFFICE
MAS-00502,Masstel,1,Nobel,Masstel Nobel 0502,Intel Celeron N4500,Intel UHD Graphics,8,512,15.6,1920x1200,60,0,1.4,53,9450000,,25,Hoc tap - Van phong,,https://example-retailer.vn/mock,2026-01-15,OFFICE
HUA-00503,Huawei,3,MateBook D,Huawei MateBook D 0503,Intel Core i7-1255U,Intel Iris Xe Graphics,16,512,16.0,1920x1080,120,0,1.44,54,18450000,23390000,123,Hoc tap - Van phong,,https://example-retailer.vn/mock,2026-01-15,OFFICE
LG-00504,LG,4,Gram Pro,LG Gram Pro 0504,AMD Ryzen 7 7735HS,NVIDIA GeForce RTX 4060 Laptop,8,512,16.0,1920x1080,144,1,2.56,68,37500000,,98,Laptop Gaming,,https://example-retailer.vn/mock,2026-01-15,GAMING
HUA-00505,Huawei,3,MateBook 16s,Huawei MateBook 16s 0505,Intel Core i5-12500H,NVIDIA GeForce RTX 4050 Laptop,16,512,16.0,2560x1440,240,1,2.21,38,28280000,,130,Laptop Gaming,,https://example-retailer.vn/mock,2026-01-15,GAMING
AVI-00506,Avita,1,Pura,Avita Pura 0506,Intel Core i7-1255U,Intel UHD Graphics,16,512,15.6,1920x1080,60,0,1.47,54,13490000,,71,Hoc tap - Van phong,,https://example-retailer.vn/mock,2026-01-15,OFFICE
DEL-00507,Dell,5,Vostro,Dell Vostro 0507,Intel Core i5-12500H,Intel UHD Graphics (Alder Lake),32,1024,15.6,1366x768,60,0,1.44,51,26920000,34870000,179,Hoc tap - Van phong,,https://example-retailer.vn/mock,2026-01-15,OFFICE
LG-00508,LG,4,Gram Pro,LG Gram Pro 0508,AMD Ryzen 9 7940HS,AMD Radeon RX 6600M,16,512,16.1,1920x1080,144,0,2.51,77,45430000,,98,Laptop Gaming,,https://example-retailer.vn/mock,2026-01-15,GAMING
MSI-00509,MSI,3,Creator,MSI Creator 0509,Intel Core i7-14700HX,NVIDIA GeForce RTX 3060 Laptop,32,1024,16.0,1920x1080,120,1,2.23,64,47010000,,106,Do hoa - Ky thuat,,https://example-retailer.vn/mock,2026-01-15,CREATOR
ACE-00510,Acer,3,TravelMate,Acer TravelMate 0510,Intel Core i5-1240P,Intel UHD Graphics (Alder Lake),16,256,15.6,1920x1080,120,0,1.28,47,16090000,,96,Hoc tap - Van phong,,https://example-retailer.vn/mock,2026-01-15,OFFICE
GIG-00511,Gigabyte,3,G5,Gigabyte G5 0511,AMD Ryzen 7 5800H,NVIDIA GeForce RTX 4080 Laptop,16,512,16.0,2560x1440,144,1,2.71,64,46280000,59740000,31,Laptop Gaming,,https://example-retailer.vn/mock,2026-01-15,GAMING
HUA-00512,Huawei,3,MateBook D,Huawei MateBook D 0512,Intel Celeron N4500,Intel UHD Graphics,8,512,14.0,1920x1080,60,0,1.43,45,10830000,12360000,192,Hoc tap - Van phong,,https://example-retailer.vn/mock,2026-01-15,OFFICE
GIG-00513,Gigabyte,3,G5,Gigabyte G5 0513,Intel Core i7-1255U,Intel UHD Graphics (Alder Lake),8,512,15.6,1920x1200,60,0,1.52,43,16060000,,95,Hoc tap - Van phong,,https://example-retailer.vn/mock,2026-01-15,OFFICE
MAS-00514,Masstel,1,Nobel,Masstel Nobel 0514,AMD Ryzen 5 5500U,AMD Radeon Graphics (Vega),32,256,15.6,1920x1080,60,0,1.44,50,15280000,17020000,130,Hoc tap - Van phong,,https://example-retailer.vn/mock,2026-01-15,OFFICE
LEN-00515,Lenovo,4,Legion,Lenovo Legion 0515,Intel Core i7-13700H,NVIDIA RTX A2000 Laptop,16,1024,16.2,2560x1600,120,1,2.53,55,42810000,,92,Laptop Gaming,,https://example-retailer.vn/mock,2026-01-15,GAMING
DEL-00516,Dell,5,Latitude,Dell Latitude 0516,Intel Core i7-1255U,Intel UHD Graphics,16,512,15.6,1920x1200,120,0,1.38,47,23990000,,129,Hoc tap - Van phong,,https://example-retailer.vn/mock,2026-01-15,OFFICE
HUA-00517,Huawei,3,MateBook 16s,Huawei MateBook 16s 0517,Intel Core i7-12700H,NVIDIA GeForce RTX 4070 Laptop,16,512,16.0,1920x1080,240,1,2.56,92,38380000,41900000,135,Laptop Gaming,,https://example-retailer.vn/mock,2026-01-15,GAMING
APP-00518,Apple,5,MacBook Pro,Apple MacBook Pro 0518,Apple M3,Apple GPU 10-core,16,512,16.2,1920x1200,60,1,1.5,73,41740000,53810000,169,Do hoa - Ky thuat,,https://example-retailer.vn/mock,2026-01-15,CREATOR
ACE-00519,Acer,3,Predator Helios,Acer Predator Helios 0519,Intel Core i9-13900H,NVIDIA GeForce RTX 4050 Laptop,32,512,15.6,1920x1080,240,0,2.13,40,36780000,47190000,129,Laptop Gaming,,https://example-retailer.vn/mock,2026-01-15,GAMING
MSI-00520,MSI,3,Modern,MSI Modern 0520,Intel Pentium Silver N6000,Intel UHD Graphics,8,128,15.6,1920x1080,120,0,1.46,42,12870000,14650000,112,Hoc tap - Van phong,,https://example-retailer.vn/mock,2026-01-15,OFFICE
LEN-00521,Lenovo,4,IdeaPad Slim,Lenovo IdeaPad Slim 0521,Intel Core i7-1355U,Intel UHD Graphics,8,512,15.6,1920x1080,60,0,1.45,52,18390000,,28,Hoc tap - Van phong,,https://example-retailer.vn/mock,2026-01-15,OFFICE
HP-00522,HP,4,240 G9,HP 240 G9 0522,Intel Core i5-1235U,Intel Iris Xe Graphics,16,256,15.6,1920x1080,120,1,1.56,42,17240000,,98,Hoc tap - Van phong,,https://example-retailer.vn/mock,2026-01-15,OFFICE
LEN-00523,Lenovo,4,ThinkPad E,Lenovo ThinkPad E 0523,Intel Core i3-1215U,Intel Iris Xe Graphics,4,128,15.6,1920x1080,120,0,1.45,50,14580000,19280000,126,Hoc tap - Van phong,,https://example-retailer.vn/mock,2026-01-15,OFFICE
APP-00524,Apple,5,MacBook Air,Apple MacBook Air 0524,Apple M1,Apple GPU 8-core,16,512,14.0,1920x1200,60,1,1.05,63,38560000,,85,Mong nhe,,https://example-retailer.vn/mock,2026-01-15,ULTRABOOK
ASU-00525,ASUS,4,VivoBook,ASUS VivoBook 0525,Intel Core i3-1215U,Intel UHD Graphics,4,512,15.6,1920x1080,60,0,1.59,32,11040000,,84,Hoc tap - Van phong,,https://example-retailer.vn/mock,2026-01-15,OFFICE
ACE-00526,Acer,3,TravelMate,Acer TravelMate 0526,Intel Core i5-1235U,Intel UHD Graphics (Alder Lake),8,256,15.6,1920x1080,60,0,1.48,39,12220000,,56,Hoc tap - Van phong,,https://example-retailer.vn/mock,2026-01-15,OFFICE
MAS-00527,Masstel,1,Nobel,Masstel Nobel 0527,Intel Core i5-1235U,Intel UHD Graphics (Alder Lake),8,512,14.0,1920x1080,120,0,1.21,39,12090000,,49,Mong nhe,,https://example-retailer.vn/mock,2026-01-15,ULTRABOOK
LEN-00528,Lenovo,4,Legion,Lenovo Legion 0528,AMD Ryzen 5 7535HS,AMD Radeon RX 6600M,16,512,16.2,1920x1200,165,1,2.56,65,31960000,35500000,42,Laptop Gaming,,https://example-retailer.vn/mock,2026-01-15,GAMING
HUA-00529,Huawei,3,MateBook X,Huawei MateBook X 0529,Intel Core i3-1215U,Intel UHD Graphics,8,256,14.0,2560x1600,90,1,0.95,64,17330000,18560000,145,Mong nhe,,https://example-retailer.vn/mock,2026-01-15,ULTRABOOK
HP-00530,HP,4,240 G9,HP 240 G9 0530,AMD Ryzen 3 7320U,AMD Radeon 660M,8,128,15.6,1920x1080,60,0,1.38,52,11620000,,55,Hoc tap - Van phong,,https://example-retailer.vn/mock,2026-01-15,OFFICE
HP-00531,HP,4,Pavilion,HP Pavilion 0531,Intel Core i5-13420H,NVIDIA RTX A2000 Laptop,8,512,16.0,1920x1080,60,0,2.14,55,26220000,30100000,198,Hoc tap - Van phong,,https://example-retailer.vn/mock,2026-01-15,OFFICE
LG-00532,LG,4,Gram,LG Gram 0532,Intel Core i5-1235U,Intel UHD Graphics (Alder Lake),8,512,16.0,1920x1080,60,0,1.54,48,19860000,,113,Hoc tap - Van phong,,https://example-retailer.vn/mock,2026-01-15,OFFICE
ACE-00533,Acer,3,Swift,Acer Swift 0533,Intel Pentium Silver N6000,Intel UHD Graphics,8,128,14.0,1920x1080,60,0,1.21,59,10030000,,57,Mong nhe,,https://example-retailer.vn/mock,2026-01-15,ULTRABOOK
HP-00534,HP,4,Pavilion,HP Pavilion 0534,AMD Ryzen 5 5500U,AMD Radeon 660M,8,256,15.6,1920x1080,60,0,1.44,52,14890000,17310000,29,Hoc tap - Van phong,,https://example-retailer.vn/mock,2026-01-15,OFFICE
DEL-00535,Dell,5,Latitude,Dell Latitude 0535,Intel Core i7-1255U,Intel UHD Graphics (Alder Lake),8,512,15.6,1920x1200,60,0,1.3,39,16850000,,117,Hoc tap - Van phong,,https://example-retailer.vn/mock,2026-01-15,OFFICE
LG-00536,LG,4,Gram Pro,LG Gram Pro 0536,Intel Core i7-12700H,NVIDIA GeForce RTX 4060 Laptop,16,512,16.1,1920x1200,60,1,2.88,54,44990000,,150,Do hoa - Ky thuat,,https://example-retailer.vn/mock,2026-01-15,CREATOR
LEN-00537,Lenovo,4,Yoga Slim,Lenovo Yoga Slim 0537,AMD Ryzen 7 7730U,AMD Radeon 660M,16,512,14.0,2560x1600,60,1,1.27,65,23340000,26490000,122,Mong nhe,,https://example-retailer.vn/mock,2026-01-15,ULTRABOOK
GIG-00538,Gigabyte,3,G5,Gigabyte G5 0538,Intel Core i7-13620H,Intel Iris Xe Graphics,32,512,15.6,1920x1200,60,0,1.33,49,22810000,,63,Hoc tap - Van phong,,https://example-retailer.vn/mock,2026-01-15,OFFICE
ACE-00539,Acer,3,Predator Helios,Acer Predator Helios 0539,Intel Core i7-13700H,NVIDIA GeForce RTX 4060 Laptop,32,512,15.6,1920x1080,144,0,2.46,53,33430000,,125,Laptop Gaming,,https://example-retailer.vn/mock,2026-01-15,GAMING
MSI-00540,MSI,3,Prestige,MSI Prestige 0540,Intel Core i7-1255U,Intel UHD Graphics,8,256,14.5,1920x1200,60,1,1.2,63,17580000,,128,Mong nhe,,https://example-retailer.vn/mock,2026-01-15,ULTRABOOK
MSI-00541,MSI,3,Raider,MSI Raider 0541,AMD Ryzen 7 5800H,NVIDIA GeForce RTX 4060 Laptop,16,512,15.6,1920x1080,120,0,2.6,47,34730000,36950000,75,Laptop Gaming,,https://example-retailer.vn/mock,2026-01-15,GAMING
LEN-00542,Lenovo,4,Legion,Lenovo Legion 0542,Intel Core i7-13620H,NVIDIA GeForce RTX 3060 Laptop,16,512,15.6,2560x1440,240,1,2.49,67,36980000,42920000,81,Laptop Gaming,,https://example-retailer.vn/mock,2026-01-15,GAMING
MSI-00543,MSI,3,Raider,MSI Raider 0543,Intel Core i5-12500H,NVIDIA GeForce RTX 3050 Ti Laptop,16,256,15.6,1920x1080,144,0,2.12,78,22540000,28600000,117,Laptop Gaming,,https://example-retailer.vn/mock,2026-01-15,GAMING
LG-00544,LG,4,Gram,LG Gram 0544,Intel Core i5-1335U,NVIDIA GeForce RTX 2050,16,256,14.5,1920x1200,60,0,1.93,60,25090000,,39,Hoc tap - Van phong,,https://example-retailer.vn/mock,2026-01-15,OFFICE
APP-00545,Apple,5,MacBook Air,Apple MacBook Air 0545,Apple M2,Apple GPU 10-core,16,512,14.0,1920x1200,60,0,1.27,53,34880000,37200000,217,Mong nhe,,https://example-retailer.vn/mock,2026-01-15,ULTRABOOK
DEL-00546,Dell,5,G15,Dell G15 0546,AMD Ryzen 7 7735HS,NVIDIA GeForce RTX 3050 Ti Laptop,16,1024,17.3,2560x1440,165,1,2.49,62,38620000,49220000,253,Laptop Gaming,,https://example-retailer.vn/mock,2026-01-15,GAMING
HUA-00547,Huawei,3,MateBook 16s,Huawei MateBook 16s 0547,Intel Core i7-14700HX,NVIDIA GeForce RTX 3050 Ti Laptop,32,1024,16.1,2560x1440,240,1,2.27,75,38800000,,75,Laptop Gaming,,https://example-retailer.vn/mock,2026-01-15,GAMING
HUA-00548,Huawei,3,MateBook 16s,Huawei MateBook 16s 0548,AMD Ryzen 7 7840HS,NVIDIA GeForce RTX 3050 Ti Laptop,16,1024,16.0,1920x1080,165,1,2.08,97,34580000,43730000,91,Laptop Gaming,,https://example-retailer.vn/mock,2026-01-15,GAMING
LG-00549,LG,4,Gram,LG Gram 0549,AMD Ryzen 5 5500U,AMD Radeon 660M,16,512,15.6,1920x1080,60,1,1.38,45,20920000,,44,Hoc tap - Van phong,,https://example-retailer.vn/mock,2026-01-15,OFFICE
MAS-00550,Masstel,1,Nobel,Masstel Nobel 0550,Intel Core i5-1235U,Intel UHD Graphics,8,256,16.0,1920x1080,60,0,1.52,44,12070000,13650000,39,Hoc tap - Van phong,,https://example-retailer.vn/mock,2026-01-15,OFFICE
LEN-00551,Lenovo,4,Legion,Lenovo Legion 0551,AMD Ryzen 7 5800H,NVIDIA GeForce RTX 4080 Laptop,16,1024,15.6,1920x1080,144,1,2.65,85,43930000,47010000,178,Laptop Gaming,,https://example-retailer.vn/mock,2026-01-15,GAMING
GIG-00552,Gigabyte,3,G5,Gigabyte G5 0552,AMD Ryzen 7 7735HS,AMD Radeon 680M,32,512,15.6,1920x1080,60,1,1.51,55,24930000,,89,Hoc tap - Van phong,,https://example-retailer.vn/mock,2026-01-15,OFFICE
HUA-00553,Huawei,3,MateBook 16s,Huawei MateBook 16s 0553,Intel Core i5-13420H,NVIDIA RTX A2000 Laptop,16,512,15.6,2560x1440,240,1,2.33,49,30420000,,10,Laptop Gaming,,https://example-retailer.vn/mock,2026-01-15,GAMING
ACE-00554,Acer,3,Aspire,Acer Aspire 0554,Intel Core i3-1215U,Intel Iris Xe Graphics,8,128,15.6,1920x1200,60,0,1.35,39,11860000,,59,Hoc tap - Van phong,,https://example-retailer.vn/mock,2026-01-15,OFFICE
ACE-00555,Acer,3,Predator Helios,Acer Predator Helios 0555,AMD Ryzen 7 7735HS,NVIDIA GeForce RTX 3060 Laptop,16,1024,16.1,1920x1080,144,1,2.37,65,29520000,34580000,171,Laptop Gaming,,https://example-retailer.vn/mock,2026-01-15,GAMING
HP-00556,HP,4,240 G9,HP 240 G9 0556,Intel Core i7-13620H,Intel UHD Graphics (Alder Lake),16,512,15.6,1920x1080,60,0,1.3,50,23510000,28500000,190,Hoc tap - Van phong,,https://example-retailer.vn/mock,2026-01-15,OFFICE
HUA-00557,Huawei,3,MateBook X,Huawei MateBook X 0557,Intel Core i7-1255U,Intel UHD Graphics (Alder Lake),32,512,14.0,2560x1600,120,0,1.15,72,22840000,,72,Mong nhe,,https://example-retailer.vn/mock,2026-01-15,ULTRABOOK
ASU-00558,ASUS,4,VivoBook,ASUS VivoBook 0558,Intel Core i7-1355U,Intel UHD Graphics,32,512,15.6,1920x1080,60,0,1.32,37,21220000,,134,Hoc tap - Van phong,,https://example-retailer.vn/mock,2026-01-15,OFFICE
MAS-00559,Masstel,1,Nobel,Masstel Nobel 0559,Intel Core i7-1255U,Intel Iris Xe Graphics,8,512,14.0,1920x1200,60,0,1.04,51,14040000,16280000,103,Mong nhe,,https://example-retailer.vn/mock,2026-01-15,ULTRABOOK
LG-00560,LG,4,Gram,LG Gram 0560,Intel Core i7-1255U,Intel UHD Graphics (Alder Lake),8,1024,16.0,1920x1080,60,0,1.63,52,23640000,26600000,177,Hoc tap - Van phong,,https://example-retailer.vn/mock,2026-01-15,OFFICE
MSI-00561,MSI,3,Katana,MSI Katana 0561,Intel Core i5-12450H,NVIDIA RTX A2000 Laptop,8,256,16.1,1920x1080,144,0,2.22,75,24370000,31990000,164,Laptop Gaming,,https://example-retailer.vn/mock,2026-01-15,GAMING
GIG-00562,Gigabyte,3,G5,Gigabyte G5 0562,Intel Pentium Silver N6000,Intel UHD Graphics,16,256,15.6,1920x1080,60,0,1.55,48,13350000,,54,Hoc tap - Van phong,,https://example-retailer.vn/mock,2026-01-15,OFFICE
HUA-00563,Huawei,3,MateBook 16s,Huawei MateBook 16s 0563,Intel Core i5-12450H,NVIDIA GeForce RTX 4060 Laptop,16,512,15.6,1920x1200,60,1,2.51,81,25640000,,50,Laptop Gaming,,https://example-retailer.vn/mock,2026-01-15,GAMING
HUA-00564,Huawei,3,MateBook 16s,Huawei MateBook 16s 0564,Intel Core i7-13700H,NVIDIA GeForce RTX 4070 Laptop,32,1024,16.1,2560x1440,144,1,2.62,77,47490000,,104,Laptop Gaming,,https://example-retailer.vn/mock,2026-01-15,GAMING
DEL-00565,Dell,5,Alienware M,Dell Alienware M 0565,Intel Core i5-13420H,NVIDIA GeForce RTX 3050 Laptop,16,512,16.1,2560x1440,165,1,2.28,61,31210000,,77,Laptop Gaming,,https://example-retailer.vn/mock,2026-01-15,GAMING
MAS-00566,Masstel,1,Nobel,Masstel Nobel 0566,AMD Ryzen 3 7320U,AMD Radeon 680M,8,256,14.0,1920x1080,60,0,1.25,57,10370000,,111,Hoc tap - Van phong,,https://example-retailer.vn/mock,2026-01-15,OFFICE
MSI-00567,MSI,3,Raider,MSI Raider 0567,AMD Ryzen 9 7940HS,NVIDIA GeForce RTX 4050 Laptop,16,1024,16.1,1920x1080,165,1,2.34,65,38820000,51200000,183,Laptop Gaming,,https://example-retailer.vn/mock,2026-01-15,GAMING
AVI-00568,Avita,1,Pura,Avita Pura 0568,AMD Ryzen 3 7320U,AMD Radeon Graphics (Vega),8,128,14.0,1920x1080,60,0,1.33,46,9810000,,79,Hoc tap - Van phong,,https://example-retailer.vn/mock,2026-01-15,OFFICE
GIG-00569,Gigabyte,3,G5,Gigabyte G5 0569,Intel Core i7-1255U,Intel Iris Xe Graphics,8,512,16.0,1920x1080,60,0,1.53,53,16080000,,90,Hoc tap - Van phong,,https://example-retailer.vn/mock,2026-01-15,OFFICE
GIG-00570,Gigabyte,3,G5,Gigabyte G5 0570,Intel Core i3-1215U,Intel UHD Graphics,4,128,15.6,1920x1080,60,0,1.55,40,11170000,,79,Hoc tap - Van phong,,https://example-retailer.vn/mock,2026-01-15,OFFICE
GIG-00571,Gigabyte,3,Aorus,Gigabyte Aorus 0571,Intel Core i9-13900H,NVIDIA GeForce RTX 4060 Laptop,16,1024,17.3,1920x1080,144,0,2.64,93,35640000,,106,Laptop Gaming,,https://example-retailer.vn/mock,2026-01-15,GAMING
HP-00572,HP,4,Omen,HP Omen 0572,AMD Ryzen 7 5800H,NVIDIA GeForce RTX 3050 Laptop,16,512,15.6,1920x1080,60,0,2.46,48,25270000,,96,Laptop Gaming,,https://example-retailer.vn/mock,2026-01-15,GAMING
AVI-00573,Avita,1,Liber,Avita Liber 0573,AMD Ryzen 3 7320U,AMD Radeon Graphics (Vega),8,512,14.0,1920x1200,60,0,1.17,63,10510000,13790000,113,Mong nhe,,https://example-retailer.vn/mock,2026-01-15,ULTRABOOK
LEN-00574,Lenovo,4,Legion,Lenovo Legion 0574,AMD Ryzen 7 7735HS,NVIDIA GeForce RTX 4070 Laptop,16,512,15.6,2560x1440,144,1,2.58,86,44220000,,150,Laptop Gaming,,https://example-retailer.vn/mock,2026-01-15,GAMING
DEL-00575,Dell,5,G15,Dell G15 0575,Intel Core i7-1260P,Intel UHD Graphics,32,512,13.3,2880x1800,60,1,1.1,43,31050000,37640000,178,Do hoa - Ky thuat,,https://example-retailer.vn/mock,2026-01-15,CREATOR
MSI-00576,MSI,3,Modern,MSI Modern 0576,Intel Core i5-1235U,Intel Iris Xe Graphics,8,512,15.6,1920x1080,60,0,1.43,55,17460000,18670000,192,Hoc tap - Van phong,,https://example-retailer.vn/mock,2026-01-15,OFFICE
LEN-00577,Lenovo,4,Legion,Lenovo Legion 0577,AMD Ryzen 7 7840HS,AMD Radeon RX 7600M XT,64,2048,16.1,1920x1080,165,1,2.72,62,57870000,75530000,28,Laptop Gaming,,https://example-retailer.vn/mock,2026-01-15,GAMING
LG-00578,LG,4,Gram,LG Gram 0578,Intel Core i7-1255U,Intel Iris Xe Graphics,8,256,14.0,1920x1080,60,0,1.43,32,19370000,,101,Hoc tap - Van phong,,https://example-retailer.vn/mock,2026-01-15,OFFICE
DEL-00579,Dell,5,Alienware M,Dell Alienware M 0579,AMD Ryzen 9 7940HS,AMD Radeon RX 7600M XT,16,1024,14.0,1920x1200,165,1,2.49,83,45700000,,88,Laptop Gaming,,https://example-retailer.vn/mock,2026-01-15,GAMING
LEN-00580,Lenovo,4,LOQ,Lenovo LOQ 0580,Intel Core i7-1355U,NVIDIA GeForce RTX 2050,16,256,16.0,1920x1080,60,0,2.38,55,22680000,,0,Laptop Gaming,,https://example-retailer.vn/mock,2026-01-15,GAMING
GIG-00581,Gigabyte,3,G5,Gigabyte G5 0581,Intel Celeron N4500,Intel UHD Graphics,8,256,15.6,1920x1080,120,0,1.54,49,11010000,12390000,191,Hoc tap - Van phong,,https://example-retailer.vn/mock,2026-01-15,OFFICE
AVI-00582,Avita,1,Liber,Avita Liber 0582,Intel Core i3-1215U,Intel Iris Xe Graphics,4,256,14.5,2560x1600,60,1,0.97,58,11300000,14710000,106,Mong nhe,,https://example-retailer.vn/mock,2026-01-15,ULTRABOOK
GIG-00583,Gigabyte,3,Aero,Gigabyte Aero 0583,AMD Ryzen 7 7730U,AMD Radeon 680M,16,512,14.0,2560x1600,60,1,1.07,52,20740000,,61,Mong nhe,,https://example-retailer.vn/mock,2026-01-15,ULTRABOOK
ASU-00584,ASUS,4,VivoBook,ASUS VivoBook 0584,Intel Core i5-1235U,Intel Iris Xe Graphics,16,256,15.6,1920x1080,60,0,1.53,47,15830000,,176,Hoc tap - Van phong,,https://example-retailer.vn/mock,2026-01-15,OFFICE
LEN-00585,Lenovo,4,Yoga Slim,Lenovo Yoga Slim 0585,Intel Core i5-1235U,Intel Iris Xe Graphics,8,256,14.5,2880x1800,60,0,1.2,52,17320000,19390000,90,Mong nhe,,https://example-retailer.vn/mock,2026-01-15,ULTRABOOK
MSI-00586,MSI,3,Raider,MSI Raider 0586,AMD Ryzen 7 7840HS,NVIDIA GeForce RTX 4050 Laptop,16,512,15.6,3840x2160,165,1,2.28,64,40540000,,67,Laptop Gaming,,https://example-retailer.vn/mock,2026-01-15,GAMING
ASU-00587,ASUS,4,ROG Strix,ASUS ROG Strix 0587,Intel Core i5-12500H,NVIDIA GeForce RTX 4050 Laptop,16,512,16.0,1920x1080,240,0,2.18,66,28360000,,119,Laptop Gaming,,https://example-retailer.vn/mock,2026-01-15,GAMING
HP-00588,HP,4,Victus,HP Victus 0588,Intel Core i5-12500H,NVIDIA GeForce RTX 3050 Ti Laptop,16,512,16.2,2560x1600,60,1,2.41,83,29440000,,87,Laptop Gaming,,https://example-retailer.vn/mock,2026-01-15,GAMING
HP-00589,HP,4,Victus,HP Victus 0589,Intel Core i9-13900H,NVIDIA GeForce RTX 4070 Laptop,16,1024,16.0,2560x1440,165,0,2.7,70,50670000,,88,Laptop Gaming,,https://example-retailer.vn/mock,2026-01-15,GAMING
LEN-00590,Lenovo,4,Legion,Lenovo Legion 0590,AMD Ryzen 9 7940HS,NVIDIA GeForce RTX 3060 Laptop,32,1024,17.3,1920x1080,144,1,2.5,76,44710000,,107,Laptop Gaming,,https://example-retailer.vn/mock,2026-01-15,GAMING
ACE-00591,Acer,3,Predator Helios,Acer Predator Helios 0591,Intel Core i7-14700HX,NVIDIA GeForce RTX 3060 Laptop,32,1024,15.6,1920x1080,240,0,2.41,78,40510000,44700000,118,Laptop Gaming,,https://example-retailer.vn/mock,2026-01-15,GAMING
MSI-00592,MSI,3,Raider,MSI Raider 0592,AMD Ryzen 7 5800H,NVIDIA GeForce RTX 4050 Laptop,16,512,14.0,1920x1200,90,1,2.33,70,27400000,32330000,130,Do hoa - Ky thuat,,https://example-retailer.vn/mock,2026-01-15,CREATOR
GIG-00593,Gigabyte,3,G5,Gigabyte G5 0593,AMD Ryzen 5 7535HS,NVIDIA GeForce RTX 4070 Laptop,16,256,15.6,1920x1080,60,0,2.51,48,27880000,35680000,176,Laptop Gaming,,https://example-retailer.vn/mock,2026-01-15,GAMING
LEN-00594,Lenovo,4,Legion,Lenovo Legion 0594,Intel Core i9-13900H,NVIDIA GeForce RTX 3060 Laptop,16,1024,16.0,1920x1080,144,1,2.51,69,41290000,,62,Laptop Gaming,,https://example-retailer.vn/mock,2026-01-15,GAMING
HUA-00595,Huawei,3,MateBook D,Huawei MateBook D 0595,Intel Core i7-1255U,Intel UHD Graphics,8,256,15.6,1920x1080,60,0,1.42,45,15320000,,103,Hoc tap - Van phong,,https://example-retailer.vn/mock,2026-01-15,OFFICE
LG-00596,LG,4,Gram,LG Gram 0596,AMD Ryzen 7 7735HS,AMD Radeon 660M,16,512,15.6,1920x1080,60,0,1.31,53,27700000,,122,Hoc tap - Van phong,,https://example-retailer.vn/mock,2026-01-15,OFFICE
LG-00597,LG,4,Gram,LG Gram 0597,Intel Core i5-1235U,Intel UHD Graphics,8,512,14.5,1920x1200,60,0,1.26,66,18440000,22980000,89,Hoc tap - Van phong,,https://example-retailer.vn/mock,2026-01-15,OFFICE
ASU-00598,ASUS,4,ROG Strix,ASUS ROG Strix 0598,AMD Ryzen 7 5800H,NVIDIA GeForce RTX 4070 Laptop,16,1024,17.3,1920x1080,144,1,2.76,86,35550000,38550000,0,Laptop Gaming,,https://example-retailer.vn/mock,2026-01-15,GAMING
LG-00599,LG,4,Gram,LG Gram 0599,AMD Ryzen 5 7530U,AMD Radeon Graphics (Vega),16,256,14.0,1920x1080,120,0,1.61,46,21950000,23970000,108,Mong nhe,,https://example-retailer.vn/mock,2026-01-15,ULTRABOOK
GIG-00600,Gigabyte,3,G5,Gigabyte G5 0600,AMD Ryzen 3 7320U,AMD Radeon 680M,4,128,15.6,1920x1080,60,0,1.44,50,10860000,11570000,62,Hoc tap - Van phong,,https://example-retailer.vn/mock,2026-01-15,OFFICE
LG-00601,LG,4,Gram,LG Gram 0601,AMD Ryzen 5 5500U,AMD Radeon 660M,32,256,15.6,1920x1080,60,0,1.51,48,21650000,,74,Hoc tap - Van phong,,https://example-retailer.vn/mock,2026-01-15,OFFICE
GIG-00602,Gigabyte,3,G5,Gigabyte G5 0602,Intel Core i7-13620H,NVIDIA GeForce RTX 4080 Laptop,16,1024,15.6,2560x1600,120,1,2.76,66,46680000,50660000,31,Laptop Gaming,,https://example-retailer.vn/mock,2026-01-15,GAMING
GIG-00603,Gigabyte,3,Aorus,Gigabyte Aorus 0603,Intel Core i9-13900H,NVIDIA GeForce RTX 4070 Laptop,16,512,15.6,1920x1080,240,1,2.75,62,44000000,,86,Laptop Gaming,,https://example-retailer.vn/mock,2026-01-15,GAMING
APP-00604,Apple,5,MacBook Air,Apple MacBook Air 0604,Apple M3,Apple GPU 8-core,16,1024,14.0,1920x1200,120,1,1.1,62,42340000,,159,Mong nhe,,https://example-retailer.vn/mock,2026-01-15,ULTRABOOK
HP-00605,HP,4,Victus,HP Victus 0605,Intel Core i5-12450H,NVIDIA GeForce RTX 3050 Ti Laptop,16,512,15.6,1920x1080,165,1,2.37,79,24490000,,113,Laptop Gaming,,https://example-retailer.vn/mock,2026-01-15,GAMING
LEN-00606,Lenovo,4,Legion,Lenovo Legion 0606,Intel Core i7-12700H,NVIDIA RTX A2000 Laptop,16,512,15.6,2560x1600,90,1,2.21,73,37070000,,103,Do hoa - Ky thuat,,https://example-retailer.vn/mock,2026-01-15,CREATOR
APP-00607,Apple,5,MacBook Air,Apple MacBook Air 0607,Apple M1,Apple GPU 8-core,8,256,13.6,1920x1200,120,0,1.0,64,23470000,27930000,344,Mong nhe,,https://example-retailer.vn/mock,2026-01-15,ULTRABOOK
GIG-00608,Gigabyte,3,G5,Gigabyte G5 0608,Intel Core i7-14700HX,NVIDIA GeForce RTX 3050 Ti Laptop,32,512,15.6,1920x1080,144,1,2.4,83,40430000,,90,Laptop Gaming,,https://example-retailer.vn/mock,2026-01-15,GAMING
AVI-00609,Avita,1,Pura,Avita Pura 0609,AMD Ryzen 5 5500U,AMD Radeon Graphics (Vega),8,512,15.6,1920x1080,120,0,1.44,35,12410000,,60,Hoc tap - Van phong,,https://example-retailer.vn/mock,2026-01-15,OFFICE
LG-00610,LG,4,Gram Pro,LG Gram Pro 0610,AMD Ryzen 9 7940HS,NVIDIA GeForce RTX 3060 Laptop,16,1024,15.6,2560x1440,165,0,2.16,75,43020000,,64,Laptop Gaming,,https://example-retailer.vn/mock,2026-01-15,GAMING
ACE-00611,Acer,3,Aspire,Acer Aspire 0611,Intel Celeron N4500,Intel UHD Graphics,8,256,14.0,1920x1080,120,0,1.41,59,9890000,,104,Hoc tap - Van phong,,https://example-retailer.vn/mock,2026-01-15,OFFICE
HUA-00612,Huawei,3,MateBook 16s,Huawei MateBook 16s 0612,Intel Core i5-12450H,NVIDIA GeForce RTX 3060 Laptop,16,256,15.6,1920x1080,240,1,2.33,80,26750000,,48,Laptop Gaming,,https://example-retailer.vn/mock,2026-01-15,GAMING
HP-00613,HP,4,Pavilion,HP Pavilion 0613,Intel Core i3-1215U,Intel UHD Graphics (Alder Lake),8,256,15.6,1920x1080,60,0,1.27,39,14380000,17430000,181,Hoc tap - Van phong,,https://example-retailer.vn/mock,2026-01-15,OFFICE
ACE-00614,Acer,3,TravelMate,Acer TravelMate 0614,Intel Pentium Silver N6000,Intel UHD Graphics,16,128,16.0,1920x1080,120,0,1.56,55,12000000,12890000,66,Hoc tap - Van phong,,https://example-retailer.vn/mock,2026-01-15,OFFICE
HP-00615,HP,4,Omen,HP Omen 0615,AMD Ryzen 7 7840HS,NVIDIA RTX A2000 Laptop,16,1024,16.0,3840x2160,120,1,2.43,74,36650000,47750000,167,Do hoa - Ky thuat,,https://example-retailer.vn/mock,2026-01-15,CREATOR
DEL-00616,Dell,5,XPS,Dell XPS 0616,AMD Ryzen 7 7730U,AMD Radeon 680M,8,512,13.3,1920x1200,120,0,1.22,62,21250000,,189,Mong nhe,,https://example-retailer.vn/mock,2026-01-15,ULTRABOOK
ASU-00617,ASUS,4,ExpertBook,ASUS ExpertBook 0617,Intel Core i5-1235U,Intel UHD Graphics (Alder Lake),8,512,15.6,1920x1200,60,0,1.31,47,16590000,,13,Hoc tap - Van phong,,https://example-retailer.vn/mock,2026-01-15,OFFICE
DEL-00618,Dell,5,Inspiron,Dell Inspiron 0618,Intel Core i3-1215U,Intel Iris Xe Graphics,8,256,15.6,1920x1080,60,0,1.45,58,16230000,17860000,73,Hoc tap - Van phong,,https://example-retailer.vn/mock,2026-01-15,OFFICE
ASU-00619,ASUS,4,ProArt,ASUS ProArt 0619,AMD Ryzen 7 7735HS,NVIDIA GeForce RTX 3060 Laptop,32,512,15.6,2560x1600,60,1,2.49,80,34560000,37920000,71,Do hoa - Ky thuat,,https://example-retailer.vn/mock,2026-01-15,CREATOR
LEN-00620,Lenovo,4,LOQ,Lenovo LOQ 0620,Intel Core i7-13700H,NVIDIA GeForce RTX 4050 Laptop,32,1024,15.6,1920x1200,60,1,2.39,84,40780000,50620000,67,Do hoa - Ky thuat,,https://example-retailer.vn/mock,2026-01-15,CREATOR
GIG-00621,Gigabyte,3,Aorus,Gigabyte Aorus 0621,Intel Core i5-12500H,NVIDIA GeForce RTX 4060 Laptop,16,1024,14.0,1920x1200,60,0,2.42,40,29990000,,107,Laptop Gaming,,https://example-retailer.vn/mock,2026-01-15,GAMING
DEL-00622,Dell,5,Inspiron Slim,Dell Inspiron Slim 0622,AMD Ryzen 7 7730U,AMD Radeon 660M,8,256,15.6,1920x1080,60,0,1.42,60,21030000,24530000,163,Mong nhe,,https://example-retailer.vn/mock,2026-01-15,ULTRABOOK
MSI-00623,MSI,3,Prestige,MSI Prestige 0623,AMD Ryzen 5 5500U,AMD Radeon Graphics (Vega),16,256,13.6,1920x1200,120,0,1.22,61,17260000,,10,Mong nhe,,https://example-retailer.vn/mock,2026-01-15,ULTRABOOK
LG-00624,LG,4,Gram Pro,LG Gram Pro 0624,Intel Core i9-13900H,NVIDIA GeForce RTX 4070 Laptop,16,2048,14.0,2560x1600,60,1,2.51,86,56950000,,112,Do hoa - Ky thuat,,https://example-retailer.vn/mock,2026-01-15,CREATOR
MSI-00625,MSI,3,Prestige,MSI Prestige 0625,Intel Core i5-1235U,Intel UHD Graphics (Alder Lake),16,512,14.0,1920x1080,120,0,1.29,53,17290000,18330000,123,Mong nhe,,https://example-retailer.vn/mock,2026-01-15,ULTRABOOK
HP-00626,HP,4,Victus,HP Victus 0626,AMD Ryzen 7 7735HS,NVIDIA GeForce RTX 3050 Laptop,16,1024,15.6,1920x1080,144,0,2.25,67,26860000,,95,Laptop Gaming,,https://example-retailer.vn/mock,2026-01-15,GAMING
AVI-00627,Avita,1,Pura,Avita Pura 0627,Intel Celeron N4500,Intel UHD Graphics,8,128,15.6,1920x1080,60,0,1.37,47,9680000,,75,Hoc tap - Van phong,,https://example-retailer.vn/mock,2026-01-15,OFFICE
LEN-00628,Lenovo,4,ThinkPad X1,Lenovo ThinkPad X1 0628,AMD Ryzen 7 7730U,AMD Radeon 680M,16,512,15.6,1920x1080,60,0,1.22,64,20470000,,123,Mong nhe,,https://example-retailer.vn/mock,2026-01-15,ULTRABOOK
ACE-00629,Acer,3,Aspire,Acer Aspire 0629,Intel Pentium Silver N6000,Intel UHD Graphics,8,256,15.6,1920x1080,60,0,1.7,38,9760000,,73,Hoc tap - Van phong,,https://example-retailer.vn/mock,2026-01-15,OFFICE
GIG-00630,Gigabyte,3,G5,Gigabyte G5 0630,Intel Pentium Silver N6000,Intel UHD Graphics,4,128,15.6,1920x1080,60,0,1.53,52,10280000,,173,Hoc tap - Van phong,,https://example-retailer.vn/mock,2026-01-15,OFFICE
HP-00631,HP,4,Victus,HP Victus 0631,AMD Ryzen 7 5800H,NVIDIA GeForce RTX 3050 Laptop,16,512,16.0,1920x1080,120,1,2.39,52,28150000,,73,Do hoa - Ky thuat,,https://example-retailer.vn/mock,2026-01-15,CREATOR
AVI-00632,Avita,1,Pura,Avita Pura 0632,Intel Core i3-1215U,Intel UHD Graphics,4,256,14.0,1920x1080,60,0,1.43,47,10200000,11960000,97,Hoc tap - Van phong,,https://example-retailer.vn/mock,2026-01-15,OFFICE
MSI-00633,MSI,3,Katana,MSI Katana 0633,Intel Core i7-13620H,NVIDIA GeForce RTX 3050 Laptop,32,512,15.6,1920x1080,120,0,2.38,48,31800000,,77,Do hoa - Ky thuat,,https://example-retailer.vn/mock,2026-01-15,CREATOR
DEL-00634,Dell,5,Vostro,Dell Vostro 0634,AMD Ryzen 5 7530U,AMD Radeon Graphics (Vega),8,512,15.6,1920x1080,60,0,1.53,46,18180000,,197,Hoc tap - Van phong,,https://example-retailer.vn/mock,2026-01-15,OFFICE
DEL-00635,Dell,5,G15,Dell G15 0635,Intel Core i5-12450H,NVIDIA GeForce RTX 4050 Laptop,16,1024,16.0,1920x1080,144,0,2.41,53,32870000,,127,Laptop Gaming,,https://example-retailer.vn/mock,2026-01-15,GAMING
LEN-00636,Lenovo,4,Yoga Slim,Lenovo Yoga Slim 0636,AMD Ryzen 3 7320U,AMD Radeon 680M,8,128,13.6,2560x1600,120,0,0.96,61,14500000,,59,Mong nhe,,https://example-retailer.vn/mock,2026-01-15,ULTRABOOK
ACE-00637,Acer,3,Aspire,Acer Aspire 0637,AMD Ryzen 5 5500U,AMD Radeon Graphics (Vega),8,512,14.0,1920x1080,60,0,1.31,42,11570000,15200000,92,Hoc tap - Van phong,,https://example-retailer.vn/mock,2026-01-15,OFFICE
HP-00638,HP,4,240 G9,HP 240 G9 0638,AMD Ryzen 3 7320U,AMD Radeon Graphics (Vega),16,512,15.6,1920x1080,60,0,1.55,39,15450000,,106,Hoc tap - Van phong,,https://example-retailer.vn/mock,2026-01-15,OFFICE
GIG-00639,Gigabyte,3,G5,Gigabyte G5 0639,Intel Core i7-1255U,Intel Iris Xe Graphics,16,256,15.6,1920x1200,60,0,1.49,50,16110000,,94,Hoc tap - Van phong,,https://example-retailer.vn/mock,2026-01-15,OFFICE
HUA-00640,Huawei,3,MateBook 16s,Huawei MateBook 16s 0640,AMD Ryzen 7 7840HS,NVIDIA GeForce RTX 4080 Laptop,32,512,14.0,1920x1200,60,1,2.45,56,48940000,,117,Laptop Gaming,,https://example-retailer.vn/mock,2026-01-15,GAMING
MSI-00641,MSI,3,Raider,MSI Raider 0641,Intel Core i5-12500H,NVIDIA RTX A2000 Laptop,32,1024,17.3,2560x1440,144,0,2.31,67,35420000,40600000,126,Laptop Gaming,,https://example-retailer.vn/mock,2026-01-15,GAMING
HUA-00642,Huawei,3,MateBook X,Huawei MateBook X 0642,Intel Core i5-1240P,Intel UHD Graphics,8,256,14.0,1920x1200,120,1,1.12,61,18130000,22270000,171,Mong nhe,,https://example-retailer.vn/mock,2026-01-15,ULTRABOOK
DEL-00643,Dell,5,XPS,Dell XPS 0643,Intel Core i5-1240P,Intel Iris Xe Graphics,8,512,14.0,1920x1080,60,0,1.35,54,18230000,,89,Mong nhe,,https://example-retailer.vn/mock,2026-01-15,ULTRABOOK
HP-00644,HP,4,ProBook,HP ProBook 0644,AMD Ryzen 5 7530U,AMD Radeon 680M,8,512,15.6,1920x1080,60,0,1.55,49,16270000,19090000,135,Hoc tap - Van phong,,https://example-retailer.vn/mock,2026-01-15,OFFICE
APP-00645,Apple,5,MacBook Pro,Apple MacBook Pro 0645,Apple M3,Apple GPU 8-core,16,512,14.0,2880x1800,120,1,1.16,56,38900000,,120,Do hoa - Ky thuat,,https://example-retailer.vn/mock,2026-01-15,CREATOR
LG-00646,LG,4,Gram,LG Gram 0646,Intel Core i7-1255U,Intel Iris Xe Graphics,8,512,14.5,2560x1600,60,0,1.18,43,21060000,25710000,148,Mong nhe,,https://example-retailer.vn/mock,2026-01-15,ULTRABOOK
ASU-00647,ASUS,4,TUF Gaming,ASUS TUF Gaming 0647,AMD Ryzen 7 5800H,NVIDIA GeForce MX550,16,512,14.0,1920x1080,120,1,2.07,39,25060000,,52,Do hoa - Ky thuat,,https://example-retailer.vn/mock,2026-01-15,CREATOR
DEL-00648,Dell,5,XPS,Dell XPS 0648,Intel Core i7-1260P,Intel UHD Graphics,16,512,13.3,1920x1200,60,1,0.95,45,24920000,,121,Mong nhe,,https://example-retailer.vn/mock,2026-01-15,ULTRABOOK
DEL-00649,Dell,5,G15,Dell G15 0649,Intel Core i9-13900H,NVIDIA GeForce RTX 3050 Ti Laptop,16,1024,17.3,2560x1440,165,1,2.57,49,42320000,,134,Laptop Gaming,,https://example-retailer.vn/mock,2026-01-15,GAMING
GIG-00650,Gigabyte,3,Aorus,Gigabyte Aorus 0650,AMD Ryzen 7 7735HS,NVIDIA GeForce RTX 4070 Laptop,8,256,15.6,1920x1080,165,1,2.66,65,29910000,35800000,115,Laptop Gaming,,https://example-retailer.vn/mock,2026-01-15,GAMING
APP-00651,Apple,5,MacBook Air,Apple MacBook Air 0651,Apple M1,Apple GPU 8-core,16,512,14.0,1920x1200,60,1,1.07,56,33460000,,156,Mong nhe,,https://example-retailer.vn/mock,2026-01-15,ULTRABOOK
APP-00652,Apple,5,MacBook Air,Apple MacBook Air 0652,Apple M1,Apple GPU 10-core,16,512,13.3,2560x1600,60,1,0.95,60,34450000,44300000,95,Mong nhe,,https://example-retailer.vn/mock,2026-01-15,ULTRABOOK
LEN-00653,Lenovo,4,ThinkPad E,Lenovo ThinkPad E 0653,Intel Core i5-1235U,Intel UHD Graphics (Alder Lake),8,256,15.6,1366x768,60,0,1.48,44,14360000,15520000,77,Hoc tap - Van phong,,https://example-retailer.vn/mock,2026-01-15,OFFICE
DEL-00654,Dell,5,Inspiron Slim,Dell Inspiron Slim 0654,AMD Ryzen 5 5500U,AMD Radeon 680M,8,1024,14.5,2880x1800,60,1,1.47,51,21080000,24740000,193,Mong nhe,,https://example-retailer.vn/mock,2026-01-15,ULTRABOOK
ASU-00655,ASUS,4,VivoBook,ASUS VivoBook 0655,AMD Ryzen 5 5500U,AMD Radeon 680M,16,256,14.0,1920x1080,60,0,1.19,46,16280000,,191,Hoc tap - Van phong,,https://example-retailer.vn/mock,2026-01-15,OFFICE
LG-00656,LG,4,Gram Pro,LG Gram Pro 0656,Intel Core i5-13420H,NVIDIA GeForce RTX 4060 Laptop,16,512,15.6,1920x1080,60,0,2.59,41,37950000,,136,Laptop Gaming,,https://example-retailer.vn/mock,2026-01-15,GAMING
AVI-00657,Avita,1,Pura,Avita Pura 0657,Intel Core i7-1255U,Intel UHD Graphics (Alder Lake),16,512,16.0,1920x1080,60,1,1.58,51,15330000,,49,Hoc tap - Van phong,,https://example-retailer.vn/mock,2026-01-15,OFFICE
LEN-00658,Lenovo,4,Yoga Slim,Lenovo Yoga Slim 0658,AMD Ryzen 5 7530U,AMD Radeon 660M,16,512,14.0,2560x1600,60,1,1.06,54,18560000,23910000,266,Mong nhe,,https://example-retailer.vn/mock,2026-01-15,ULTRABOOK
LG-00659,LG,4,Gram,LG Gram 0659,Intel Core i5-1235U,Intel UHD Graphics,16,256,14.5,2560x1600,60,0,1.28,53,22240000,,81,Hoc tap - Van phong,,https://example-retailer.vn/mock,2026-01-15,OFFICE
ACE-00660,Acer,3,Predator Helios,Acer Predator Helios 0660,Intel Core i7-13620H,NVIDIA RTX A2000 Laptop,32,512,16.1,1920x1080,165,0,2.22,80,31140000,,125,Laptop Gaming,,https://example-retailer.vn/mock,2026-01-15,GAMING
HP-00661,HP,4,Victus,HP Victus 0661,Intel Core i5-1240P,NVIDIA GeForce RTX 2050,8,512,15.6,1366x768,60,0,2.23,53,22220000,,134,Laptop Gaming,,https://example-retailer.vn/mock,2026-01-15,GAMING
HP-00662,HP,4,Victus,HP Victus 0662,Intel Core i9-13900H,NVIDIA GeForce RTX 3060 Laptop,64,1024,17.3,1920x1080,240,0,2.39,83,58020000,,126,Laptop Gaming,,https://example-retailer.vn/mock,2026-01-15,GAMING
APP-00663,Apple,5,MacBook Air,Apple MacBook Air 0663,Apple M3,Apple GPU 10-core,16,1024,13.3,1920x1200,60,1,1.05,66,43370000,,133,Mong nhe,,https://example-retailer.vn/mock,2026-01-15,ULTRABOOK
DEL-00664,Dell,5,G15,Dell G15 0664,AMD Ryzen 5 7535HS,NVIDIA GeForce RTX 3060 Laptop,16,1024,15.6,1920x1080,144,0,2.27,85,33350000,,81,Laptop Gaming,,https://example-retailer.vn/mock,2026-01-15,GAMING
DEL-00665,Dell,5,XPS,Dell XPS 0665,AMD Ryzen 5 7530U,AMD Radeon 680M,16,512,13.6,2880x1800,90,0,0.98,62,20970000,,107,Mong nhe,,https://example-retailer.vn/mock,2026-01-15,ULTRABOOK
ASU-00666,ASUS,4,ExpertBook,ASUS ExpertBook 0666,Intel Core i7-1260P,Intel Iris Xe Graphics,8,1024,16.0,1920x1080,60,0,1.51,38,21500000,28440000,162,Hoc tap - Van phong,,https://example-retailer.vn/mock,2026-01-15,OFFICE
ACE-00667,Acer,3,Nitro,Acer Nitro 0667,Intel Core i7-12700H,NVIDIA GeForce RTX 3050 Ti Laptop,16,512,14.0,2560x1600,90,1,2.2,53,26930000,35280000,120,Do hoa - Ky thuat,,https://example-retailer.vn/mock,2026-01-15,CREATOR
APP-00668,Apple,5,MacBook Pro,Apple MacBook Pro 0668,Apple M3,Apple GPU 10-core,16,512,16.0,1920x1200,60,1,1.43,62,38310000,,158,Do hoa - Ky thuat,,https://example-retailer.vn/mock,2026-01-15,CREATOR
LEN-00669,Lenovo,4,ThinkPad X1,Lenovo ThinkPad X1 0669,Intel Core i5-1235U,Intel UHD Graphics,8,1024,13.3,1920x1200,90,1,1.0,73,19190000,,12,Mong nhe,,https://example-retailer.vn/mock,2026-01-15,ULTRABOOK
LEN-00670,Lenovo,4,Yoga Slim,Lenovo Yoga Slim 0670,Intel Core i5-1335U,Intel UHD Graphics (Alder Lake),16,512,13.6,1920x1200,60,1,1.08,69,19860000,,142,Mong nhe,,https://example-retailer.vn/mock,2026-01-15,ULTRABOOK
HP-00671,HP,4,Spectre,HP Spectre 0671,Intel Core i3-1215U,Intel UHD Graphics,8,256,14.0,1920x1080,60,0,1.3,49,13710000,,65,Mong nhe,,https://example-retailer.vn/mock,2026-01-15,ULTRABOOK
GIG-00672,Gigabyte,3,G5,Gigabyte G5 0672,Intel Core i5-1235U,Intel Iris Xe Graphics,8,512,15.6,1920x1080,120,0,1.4,61,13760000,,50,Hoc tap - Van phong,,https://example-retailer.vn/mock,2026-01-15,OFFICE
HP-00673,HP,4,Victus,HP Victus 0673,AMD Ryzen 9 7940HS,NVIDIA GeForce RTX 3050 Ti Laptop,16,512,15.6,1920x1200,120,1,2.58,45,37510000,,85,Do hoa - Ky thuat,,https://example-retailer.vn/mock,2026-01-15,CREATOR
LG-00674,LG,4,Gram,LG Gram 0674,Intel Core i7-12700H,Intel UHD Graphics (Alder Lake),16,512,15.6,1920x1080,60,0,1.54,48,29320000,,41,Hoc tap - Van phong,,https://example-retailer.vn/mock,2026-01-15,OFFICE
GIG-00675,Gigabyte,3,Aorus,Gigabyte Aorus 0675,Intel Core i9-13900H,NVIDIA GeForce RTX 3050 Ti Laptop,32,1024,15.6,1920x1080,165,0,2.31,74,33920000,36630000,177,Laptop Gaming,,https://example-retailer.vn/mock,2026-01-15,GAMING
ACE-00676,Acer,3,Aspire,Acer Aspire 0676,Intel Pentium Silver N6000,Intel UHD Graphics,4,128,15.6,1920x1080,60,0,1.32,45,9620000,11120000,128,Hoc tap - Van phong,,https://example-retailer.vn/mock,2026-01-15,OFFICE
MSI-00677,MSI,3,Modern,MSI Modern 0677,Intel Core i5-1335U,Intel Iris Xe Graphics,16,512,15.6,1920x1080,60,1,1.43,57,19350000,24160000,100,Hoc tap - Van phong,,https://example-retailer.vn/mock,2026-01-15,OFFICE
LG-00678,LG,4,Gram,LG Gram 0678,Intel Core i7-1355U,Intel UHD Graphics,8,512,14.0,1920x1200,60,1,1.06,44,22270000,,56,Mong nhe,,https://example-retailer.vn/mock,2026-01-15,ULTRABOOK
APP-00679,Apple,5,MacBook Air,Apple MacBook Air 0679,Apple M1,Apple GPU 10-core,16,256,14.0,1920x1200,60,0,1.08,65,31800000,,119,Mong nhe,,https://example-retailer.vn/mock,2026-01-15,ULTRABOOK
LEN-00680,Lenovo,4,LOQ,Lenovo LOQ 0680,Intel Core i5-12450H,NVIDIA GeForce RTX 4050 Laptop,16,512,15.6,1920x1080,120,0,2.31,45,29060000,,81,Laptop Gaming,,https://example-retailer.vn/mock,2026-01-15,GAMING
ACE-00681,Acer,3,Aspire,Acer Aspire 0681,Intel Core i5-1235U,Intel Iris Xe Graphics,16,512,14.0,1920x1200,60,0,1.24,43,14660000,,71,Hoc tap - Van phong,,https://example-retailer.vn/mock,2026-01-15,OFFICE
HP-00682,HP,4,Pavilion,HP Pavilion 0682,Intel Core i3-1215U,Intel Iris Xe Graphics,4,256,15.6,1920x1080,60,0,1.49,37,12310000,,109,Hoc tap - Van phong,,https://example-retailer.vn/mock,2026-01-15,OFFICE
LG-00683,LG,4,Gram,LG Gram 0683,AMD Ryzen 5 5500U,AMD Radeon 680M,8,256,15.6,1366x768,60,0,1.38,46,15170000,19850000,135,Hoc tap - Van phong,,https://example-retailer.vn/mock,2026-01-15,OFFICE
ACE-00684,Acer,3,Predator Helios,Acer Predator Helios 0684,AMD Ryzen 7 7735HS,NVIDIA GeForce RTX 3050 Ti Laptop,16,512,14.0,1920x1080,60,0,1.94,48,26000000,,105,Laptop Gaming,,https://example-retailer.vn/mock,2026-01-15,GAMING
ASU-00685,ASUS,4,ProArt,ASUS ProArt 0685,Intel Core i7-13620H,NVIDIA GeForce RTX 3050 Laptop,16,512,16.0,2560x1600,165,1,2.3,65,29670000,,180,Laptop Gaming,,https://example-retailer.vn/mock,2026-01-15,GAMING
ACE-00686,Acer,3,Swift,Acer Swift 0686,Intel Core i5-1335U,Intel Iris Xe Graphics,32,512,13.3,2560x1600,60,0,1.25,64,20700000,27390000,127,Mong nhe,,https://example-retailer.vn/mock,2026-01-15,ULTRABOOK
ACE-00687,Acer,3,Predator Helios,Acer Predator Helios 0687,AMD Ryzen 7 7840HS,NVIDIA GeForce RTX 3060 Laptop,32,512,16.0,1920x1080,165,0,2.26,67,32690000,,135,Laptop Gaming,,https://example-retailer.vn/mock,2026-01-15,GAMING
MSI-00688,MSI,3,Modern,MSI Modern 0688,AMD Ryzen 3 7320U,AMD Radeon 660M,16,128,15.6,1920x1080,60,0,1.44,43,12600000,,147,Hoc tap - Van phong,,https://example-retailer.vn/mock,2026-01-15,OFFICE
HP-00689,HP,4,Omen,HP Omen 0689,Intel Core i5-12450H,NVIDIA GeForce RTX 4050 Laptop,16,512,15.6,1920x1080,120,1,2.25,82,26900000,,0,Laptop Gaming,,https://example-retailer.vn/mock,2026-01-15,GAMING
DEL-00690,Dell,5,XPS,Dell XPS 0690,Intel Core i7-1255U,Intel UHD Graphics,8,512,14.0,1920x1080,60,0,1.37,50,21110000,23450000,66,Mong nhe,,https://example-retailer.vn/mock,2026-01-15,ULTRABOOK
LEN-00691,Lenovo,4,Yoga Slim,Lenovo Yoga Slim 0691,AMD Ryzen 7 7730U,AMD Radeon Graphics (Vega),16,256,13.6,1920x1200,90,1,0.98,55,22360000,25300000,111,Mong nhe,,https://example-retailer.vn/mock,2026-01-15,ULTRABOOK
ACE-00692,Acer,3,Aspire,Acer Aspire 0692,Intel Core i7-1255U,Intel Iris Xe Graphics,8,256,16.0,1920x1080,60,0,1.47,47,15970000,20810000,90,Hoc tap - Van phong,,https://example-retailer.vn/mock,2026-01-15,OFFICE
MSI-00693,MSI,3,Modern,MSI Modern 0693,Intel Core i5-1235U,Intel UHD Graphics,8,512,15.6,1920x1080,60,0,1.33,45,14320000,,126,Hoc tap - Van phong,,https://example-retailer.vn/mock,2026-01-15,OFFICE
LEN-00694,Lenovo,4,IdeaPad Slim,Lenovo IdeaPad Slim 0694,Intel Core i3-1215U,Intel UHD Graphics (Alder Lake),4,512,14.0,1920x1200,60,0,1.26,35,15540000,,123,Hoc tap - Van phong,,https://example-retailer.vn/mock,2026-01-15,OFFICE
ACE-00695,Acer,3,Nitro,Acer Nitro 0695,Intel Core i5-13420H,NVIDIA GeForce RTX 4050 Laptop,32,512,16.1,1920x1080,240,0,2.33,80,28880000,,39,Laptop Gaming,,https://example-retailer.vn/mock,2026-01-15,GAMING
MSI-00696,MSI,3,Katana,MSI Katana 0696,Intel Core i7-13700H,NVIDIA GeForce RTX 4060 Laptop,16,1024,16.1,2560x1440,120,1,2.53,72,37380000,,124,Do hoa - Ky thuat,,https://example-retailer.vn/mock,2026-01-15,CREATOR
GIG-00697,Gigabyte,3,G5,Gigabyte G5 0697,Intel Pentium Silver N6000,Intel UHD Graphics,8,256,15.6,1920x1080,60,0,1.48,40,11100000,,69,Hoc tap - Van phong,,https://example-retailer.vn/mock,2026-01-15,OFFICE
GIG-00698,Gigabyte,3,Aero,Gigabyte Aero 0698,AMD Ryzen 5 5500U,AMD Radeon 680M,8,512,14.0,1920x1200,120,0,1.03,62,13140000,14090000,128,Mong nhe,,https://example-retailer.vn/mock,2026-01-15,ULTRABOOK
MSI-00699,MSI,3,Modern,MSI Modern 0699,AMD Ryzen 5 5500U,AMD Radeon Graphics (Vega),32,1024,14.0,1920x1200,60,0,1.43,42,21720000,,0,Hoc tap - Van phong,,https://example-retailer.vn/mock,2026-01-15,OFFICE
LG-00700,LG,4,Gram,LG Gram 0700,Intel Core i5-1335U,Intel Iris Xe Graphics,8,256,13.6,1920x1200,90,1,0.98,63,22190000,,31,Mong nhe,,https://example-retailer.vn/mock,2026-01-15,ULTRABOOK
APP-00701,Apple,5,MacBook Air,Apple MacBook Air 0701,Apple M1,Apple GPU 8-core,16,512,13.3,1920x1200,60,1,1.02,59,32600000,41590000,233,Mong nhe,,https://example-retailer.vn/mock,2026-01-15,ULTRABOOK
AVI-00702,Avita,1,Pura,Avita Pura 0702,Intel Pentium Silver N6000,Intel UHD Graphics,8,256,15.6,1920x1080,60,0,1.55,48,9780000,12640000,140,Hoc tap - Van phong,,https://example-retailer.vn/mock,2026-01-15,OFFICE
LG-00703,LG,4,Gram,LG Gram 0703,Intel Core i7-1260P,Intel UHD Graphics,16,1024,16.0,1920x1080,60,0,1.47,45,27080000,29940000,138,Hoc tap - Van phong,,https://example-retailer.vn/mock,2026-01-15,OFFICE
ASU-00704,ASUS,4,VivoBook S,ASUS VivoBook S 0704,Intel Core i5-1235U,Intel UHD Graphics,16,256,13.6,2560x1600,120,1,1.25,59,19720000,24300000,202,Mong nhe,,https://example-retailer.vn/mock,2026-01-15,ULTRABOOK
HP-00705,HP,4,Spectre,HP Spectre 0705,AMD Ryzen 7 7730U,AMD Radeon 660M,16,512,13.6,1920x1200,60,1,1.08,62,20410000,,136,Mong nhe,,https://example-retailer.vn/mock,2026-01-15,ULTRABOOK
HUA-00706,Huawei,3,MateBook D,Huawei MateBook D 0706,Intel Core i3-1215U,Intel UHD Graphics,4,256,15.6,1920x1080,60,0,1.54,44,10170000,10900000,197,Hoc tap - Van phong,,https://example-retailer.vn/mock,2026-01-15,OFFICE
LEN-00707,Lenovo,4,Legion,Lenovo Legion 0707,AMD Ryzen 7 5800H,NVIDIA GeForce RTX 4060 Laptop,8,512,15.6,1920x1200,60,0,2.76,56,30000000,,114,Laptop Gaming,,https://example-retailer.vn/mock,2026-01-15,GAMING
MSI-00708,MSI,3,Creator,MSI Creator 0708,AMD Ryzen 7 7840HS,NVIDIA GeForce RTX 4050 Laptop,32,1024,17.3,3840x2160,60,1,2.57,71,45340000,,67,Do hoa - Ky thuat,,https://example-retailer.vn/mock,2026-01-15,CREATOR
HP-00709,HP,4,Victus,HP Victus 0709,Intel Core i5-12450H,NVIDIA GeForce RTX 4060 Laptop,16,512,14.0,3840x2160,60,1,2.4,56,35950000,,139,Do hoa - Ky thuat,,https://example-retailer.vn/mock,2026-01-15,CREATOR
GIG-00710,Gigabyte,3,G5,Gigabyte G5 0710,Intel Core i7-13700H,NVIDIA GeForce RTX 4070 Laptop,16,512,16.1,1920x1080,165,1,2.58,100,34780000,46340000,138,Laptop Gaming,,https://example-retailer.vn/mock,2026-01-15,GAMING
LEN-00711,Lenovo,4,Legion,Lenovo Legion 0711,AMD Ryzen 7 7735HS,AMD Radeon RX 6600M,8,1024,17.3,3840x2160,120,1,2.35,68,33150000,,112,Do hoa - Ky thuat,,https://example-retailer.vn/mock,2026-01-15,CREATOR
MAS-00712,Masstel,1,Nobel,Masstel Nobel 0712,Intel Core i7-1355U,Intel UHD Graphics (Alder Lake),8,256,14.0,1920x1200,60,1,0.96,59,14540000,,19,Mong nhe,,https://example-retailer.vn/mock,2026-01-15,ULTRABOOK
DEL-00713,Dell,5,Alienware M,Dell Alienware M 0713,AMD Ryzen 7 5800H,NVIDIA RTX A2000 Laptop,32,512,15.6,2560x1600,90,1,2.26,63,40470000,43360000,213,Do hoa - Ky thuat,,https://example-retailer.vn/mock,2026-01-15,CREATOR
DEL-00714,Dell,5,Alienware M,Dell Alienware M 0714,Intel Core i5-13420H,Intel Iris Xe Graphics,32,256,15.6,1920x1080,60,1,1.41,32,29480000,33700000,186,Do hoa - Ky thuat,,https://example-retailer.vn/mock,2026-01-15,CREATOR
GIG-00715,Gigabyte,3,Aorus,Gigabyte Aorus 0715,Intel Core i9-13900H,NVIDIA GeForce RTX 4080 Laptop,16,1024,17.3,2560x1440,144,1,2.85,77,50720000,,80,Laptop Gaming,,https://example-retailer.vn/mock,2026-01-15,GAMING
MSI-00716,MSI,3,Creator,MSI Creator 0716,Intel Core i9-13900H,NVIDIA GeForce RTX 4080 Laptop,16,2048,16.1,1920x1080,165,1,2.6,93,52760000,,73,Laptop Gaming,,https://example-retailer.vn/mock,2026-01-15,GAMING
AVI-00717,Avita,1,Pura,Avita Pura 0717,Intel Core i5-1235U,Intel UHD Graphics,8,256,16.0,1920x1080,60,0,1.5,48,11570000,,63,Hoc tap - Van phong,,https://example-retailer.vn/mock,2026-01-15,OFFICE
AVI-00718,Avita,1,Pura,Avita Pura 0718,Intel Pentium Silver N6000,Intel UHD Graphics,8,256,14.0,1920x1080,60,0,1.37,59,8880000,,61,Hoc tap - Van phong,,https://example-retailer.vn/mock,2026-01-15,OFFICE
ACE-00719,Acer,3,Predator Helios,Acer Predator Helios 0719,AMD Ryzen 5 7535HS,NVIDIA GeForce RTX 3060 Laptop,32,512,16.2,1920x1200,120,1,2.16,74,28980000,33460000,142,Do hoa - Ky thuat,,https://example-retailer.vn/mock,2026-01-15,CREATOR
MSI-00720,MSI,3,Modern,MSI Modern 0720,Intel Core i7-1260P,Intel UHD Graphics (Alder Lake),32,512,16.0,1920x1080,60,0,1.64,37,24540000,30030000,74,Hoc tap - Van phong,,https://example-retailer.vn/mock,2026-01-15,OFFICE
GIG-00721,Gigabyte,3,G5,Gigabyte G5 0721,Intel Core i5-1235U,Intel UHD Graphics,8,1024,15.6,1920x1080,60,0,1.45,52,14970000,,39,Hoc tap - Van phong,,https://example-retailer.vn/mock,2026-01-15,OFFICE
LEN-00722,Lenovo,4,LOQ,Lenovo LOQ 0722,AMD Ryzen 7 7735HS,NVIDIA RTX A2000 Laptop,16,1024,16.1,1920x1080,165,0,2.37,53,39790000,43820000,141,Laptop Gaming,,https://example-retailer.vn/mock,2026-01-15,GAMING
MSI-00723,MSI,3,Raider,MSI Raider 0723,AMD Ryzen 7 7735HS,NVIDIA GeForce RTX 3050 Ti Laptop,8,1024,17.3,3840x2160,60,1,2.51,68,31950000,,120,Do hoa - Ky thuat,,https://example-retailer.vn/mock,2026-01-15,CREATOR
HUA-00724,Huawei,3,MateBook D,Huawei MateBook D 0724,AMD Ryzen 5 5500U,AMD Radeon 660M,8,256,15.6,1920x1080,60,1,1.44,53,15130000,,160,Hoc tap - Van phong,,https://example-retailer.vn/mock,2026-01-15,OFFICE
LEN-00725,Lenovo,4,LOQ,Lenovo LOQ 0725,AMD Ryzen 7 7735HS,NVIDIA GeForce RTX 4070 Laptop,16,256,15.6,1920x1080,144,1,2.63,74,39070000,,106,Laptop Gaming,,https://example-retailer.vn/mock,2026-01-15,GAMING
DEL-00726,Dell,5,Alienware M,Dell Alienware M 0726,AMD Ryzen 5 7535HS,NVIDIA RTX A2000 Laptop,32,512,16.1,1920x1080,120,0,2.38,69,35970000,,211,Laptop Gaming,,https://example-retailer.vn/mock,2026-01-15,GAMING
LG-00727,LG,4,Gram Pro,LG Gram Pro 0727,Intel Core i7-14700HX,NVIDIA GeForce RTX 4060 Laptop,64,1024,17.3,1920x1200,120,1,3.06,69,72470000,,168,Do hoa - Ky thuat,,https://example-retailer.vn/mock,2026-01-15,CREATOR
DEL-00728,Dell,5,Alienware M,Dell Alienware M 0728,Intel Core i5-12450H,NVIDIA GeForce RTX 3060 Laptop,8,512,17.3,2560x1440,144,1,2.37,74,28930000,,110,Laptop Gaming,,https://example-retailer.vn/mock,2026-01-15,GAMING
MAS-00729,Masstel,1,Nobel,Masstel Nobel 0729,Intel Core i5-1235U,Intel UHD Graphics,16,512,16.0,1920x1080,120,0,1.42,35,13840000,,62,Hoc tap - Van phong,,https://example-retailer.vn/mock,2026-01-15,OFFICE
LG-00730,LG,4,Gram Pro,LG Gram Pro 0730,AMD Ryzen 5 7535HS,NVIDIA GeForce RTX 4050 Laptop,16,1024,14.0,2560x1600,120,1,2.03,78,36970000,,88,Do hoa - Ky thuat,,https://example-retailer.vn/mock,2026-01-15,CREATOR
ASU-00731,ASUS,4,ProArt,ASUS ProArt 0731,Intel Core i7-13700H,NVIDIA GeForce RTX 4070 Laptop,16,512,17.3,1920x1080,144,1,2.8,58,36050000,,16,Laptop Gaming,,https://example-retailer.vn/mock,2026-01-15,GAMING
APP-00732,Apple,5,MacBook Air,Apple MacBook Air 0732,Apple M1,Apple GPU 10-core,8,512,13.6,1920x1200,90,1,0.96,55,31100000,,97,Mong nhe,,https://example-retailer.vn/mock,2026-01-15,ULTRABOOK
LEN-00733,Lenovo,4,Legion,Lenovo Legion 0733,Intel Core i7-12700H,NVIDIA GeForce RTX 4070 Laptop,16,512,17.3,2560x1440,120,0,2.51,66,38970000,42280000,116,Laptop Gaming,,https://example-retailer.vn/mock,2026-01-15,GAMING
GIG-00734,Gigabyte,3,G5,Gigabyte G5 0734,Intel Core i5-12500H,NVIDIA GeForce RTX 3050 Ti Laptop,32,512,14.0,2560x1600,60,1,2.09,64,29060000,,67,Do hoa - Ky thuat,,https://example-retailer.vn/mock,2026-01-15,CREATOR
MSI-00735,MSI,3,Modern,MSI Modern 0735,Intel Core i5-1235U,Intel UHD Graphics (Alder Lake),16,256,14.0,1920x1200,60,0,1.34,41,18370000,,54,Hoc tap - Van phong,,https://example-retailer.vn/mock,2026-01-15,OFFICE
HUA-00736,Huawei,3,MateBook 16s,Huawei MateBook 16s 0736,Intel Core i9-13900H,NVIDIA GeForce RTX 4060 Laptop,16,1024,15.6,1920x1200,60,1,2.34,89,41820000,,38,Do hoa - Ky thuat,,https://example-retailer.vn/mock,2026-01-15,CREATOR
ASU-00737,ASUS,4,ExpertBook,ASUS ExpertBook 0737,Intel Core i3-1215U,Intel UHD Graphics,8,256,15.6,1920x1080,60,0,1.2,45,13000000,15480000,189,Hoc tap - Van phong,,https://example-retailer.vn/mock,2026-01-15,OFFICE
ASU-00738,ASUS,4,TUF Gaming,ASUS TUF Gaming 0738,AMD Ryzen 7 5800H,NVIDIA GeForce RTX 4080 Laptop,8,512,15.6,1920x1200,60,0,2.43,57,38970000,,162,Laptop Gaming,,https://example-retailer.vn/mock,2026-01-15,GAMING
GIG-00739,Gigabyte,3,Aorus,Gigabyte Aorus 0739,AMD Ryzen 7 7840HS,NVIDIA GeForce RTX 4080 Laptop,32,512,16.0,1920x1080,144,1,2.54,67,48010000,,0,Laptop Gaming,,https://example-retailer.vn/mock,2026-01-15,GAMING
APP-00740,Apple,5,MacBook Air,Apple MacBook Air 0740,Apple M2,Apple GPU 8-core,16,512,16.0,2560x1600,60,1,1.63,74,36470000,,77,Mong nhe,,https://example-retailer.vn/mock,2026-01-15,ULTRABOOK
LG-00741,LG,4,Gram,LG Gram 0741,Intel Core i5-1235U,Intel UHD Graphics (Alder Lake),8,256,14.0,1920x1200,120,1,1.24,61,20780000,21920000,150,Mong nhe,,https://example-retailer.vn/mock,2026-01-15,ULTRABOOK
ASU-00742,ASUS,4,VivoBook,ASUS VivoBook 0742,Intel Core i7-1255U,Intel UHD Graphics (Alder Lake),8,512,16.0,1920x1080,60,0,1.62,51,15890000,,73,Hoc tap - Van phong,,https://example-retailer.vn/mock,2026-01-15,OFFICE
MSI-00743,MSI,3,Prestige,MSI Prestige 0743,AMD Ryzen 7 7730U,AMD Radeon 660M,8,256,15.6,1920x1080,120,0,1.59,35,18870000,20610000,242,Mong nhe,,https://example-retailer.vn/mock,2026-01-15,ULTRABOOK
DEL-00744,Dell,5,XPS,Dell XPS 0744,Intel Core i5-12500H,Intel UHD Graphics (Alder Lake),16,512,14.0,1920x1200,60,0,1.36,55,21510000,,177,Mong nhe,,https://example-retailer.vn/mock,2026-01-15,ULTRABOOK
LG-00745,LG,4,Gram,LG Gram 0745,Intel Core i3-1215U,NVIDIA GeForce MX550,8,512,14.0,1920x1200,120,0,1.87,66,21070000,23670000,197,Hoc tap - Van phong,,https://example-retailer.vn/mock,2026-01-15,OFFICE
LEN-00746,Lenovo,4,Yoga Slim,Lenovo Yoga Slim 0746,Intel Core i7-1355U,Intel Iris Xe Graphics,8,512,15.6,1366x768,60,0,1.36,65,18360000,,48,Mong nhe,,https://example-retailer.vn/mock,2026-01-15,ULTRABOOK
HUA-00747,Huawei,3,MateBook D,Huawei MateBook D 0747,AMD Ryzen 3 7320U,AMD Radeon 660M,16,512,15.6,1920x1200,60,1,1.49,43,18070000,20140000,123,Hoc tap - Van phong,,https://example-retailer.vn/mock,2026-01-15,OFFICE
GIG-00748,Gigabyte,3,Aero,Gigabyte Aero 0748,Intel Core i5-1335U,Intel Iris Xe Graphics,8,512,14.5,2880x1800,120,1,1.33,65,18570000,,108,Mong nhe,,https://example-retailer.vn/mock,2026-01-15,ULTRABOOK
GIG-00749,Gigabyte,3,G5,Gigabyte G5 0749,Intel Core i5-12500H,Intel Iris Xe Graphics,16,512,15.6,1366x768,60,0,1.63,43,17180000,,94,Hoc tap - Van phong,,https://example-retailer.vn/mock,2026-01-15,OFFICE
LEN-00750,Lenovo,4,Legion,Lenovo Legion 0750,AMD Ryzen 7 7840HS,NVIDIA GeForce RTX 3050 Ti Laptop,64,512,15.6,1920x1080,144,1,2.19,78,49810000,,113,Laptop Gaming,,https://example-retailer.vn/mock,2026-01-15,GAMING
HUA-00751,Huawei,3,MateBook D,Huawei MateBook D 0751,Intel Core i7-1255U,Intel Iris Xe Graphics,16,256,15.6,1920x1080,60,0,1.33,43,16690000,21770000,100,Hoc tap - Van phong,,https://example-retailer.vn/mock,2026-01-15,OFFICE
ASU-00752,ASUS,4,TUF Gaming,ASUS TUF Gaming 0752,AMD Ryzen 9 7940HS,AMD Radeon RX 7600M XT,16,512,15.6,2560x1600,165,1,2.73,62,40620000,47350000,183,Laptop Gaming,,https://example-retailer.vn/mock,2026-01-15,GAMING
GIG-00753,Gigabyte,3,G5,Gigabyte G5 0753,Intel Core i7-12700H,NVIDIA GeForce RTX 3050 Laptop,16,512,17.3,1920x1080,144,0,2.7,74,26700000,30910000,184,Laptop Gaming,,https://example-retailer.vn/mock,2026-01-15,GAMING
GIG-00754,Gigabyte,3,Aero,Gigabyte Aero 0754,Intel Core i7-1260P,Intel UHD Graphics,16,256,14.0,2560x1600,60,1,1.07,61,22250000,,36,Mong nhe,,https://example-retailer.vn/mock,2026-01-15,ULTRABOOK
DEL-00755,Dell,5,XPS,Dell XPS 0755,AMD Ryzen 7 5800H,AMD Radeon Graphics (Vega),16,256,14.0,1366x768,60,0,1.36,41,19430000,20900000,175,Mong nhe,,https://example-retailer.vn/mock,2026-01-15,ULTRABOOK
LG-00756,LG,4,Gram Pro,LG Gram Pro 0756,AMD Ryzen 7 7840HS,NVIDIA GeForce RTX 4080 Laptop,16,1024,16.0,2560x1600,60,1,2.74,82,67390000,,93,Laptop Gaming,,https://example-retailer.vn/mock,2026-01-15,GAMING
HUA-00757,Huawei,3,MateBook 16s,Huawei MateBook 16s 0757,Intel Core i5-12500H,NVIDIA GeForce RTX 3050 Ti Laptop,16,1024,15.6,1920x1080,165,1,2.15,62,32070000,37340000,182,Laptop Gaming,,https://example-retailer.vn/mock,2026-01-15,GAMING
DEL-00758,Dell,5,G15,Dell G15 0758,Intel Core i9-13900H,NVIDIA GeForce RTX 4050 Laptop,64,1024,15.6,1920x1080,165,0,2.31,84,66320000,,149,Laptop Gaming,,https://example-retailer.vn/mock,2026-01-15,GAMING
DEL-00759,Dell,5,Inspiron Slim,Dell Inspiron Slim 0759,Intel Core i5-12500H,Intel UHD Graphics,16,512,15.6,1920x1080,60,1,1.47,46,22820000,25670000,243,Mong nhe,,https://example-retailer.vn/mock,2026-01-15,ULTRABOOK
AVI-00760,Avita,1,Pura,Avita Pura 0760,AMD Ryzen 5 5500U,AMD Radeon 660M,8,512,15.6,1920x1080,60,0,1.47,52,13270000,,42,Hoc tap - Van phong,,https://example-retailer.vn/mock,2026-01-15,OFFICE
AVI-00761,Avita,1,Pura,Avita Pura 0761,AMD Ryzen 3 7320U,AMD Radeon 680M,4,256,15.6,1920x1080,60,0,1.62,51,10370000,12930000,89,Hoc tap - Van phong,,https://example-retailer.vn/mock,2026-01-15,OFFICE
APP-00762,Apple,5,MacBook Air,Apple MacBook Air 0762,Apple M1,Apple GPU 10-core,32,512,14.5,2880x1800,60,0,1.18,60,40190000,,123,Mong nhe,,https://example-retailer.vn/mock,2026-01-15,ULTRABOOK
LG-00763,LG,4,Gram Pro,LG Gram Pro 0763,Intel Core i7-13700H,NVIDIA GeForce RTX 4070 Laptop,64,512,15.6,1920x1200,90,1,2.48,71,62990000,,76,Do hoa - Ky thuat,,https://example-retailer.vn/mock,2026-01-15,CREATOR
LEN-00764,Lenovo,4,LOQ,Lenovo LOQ 0764,AMD Ryzen 7 5800H,NVIDIA GeForce RTX 4070 Laptop,16,512,16.1,1920x1080,144,1,2.55,85,45020000,,71,Laptop Gaming,,https://example-retailer.vn/mock,2026-01-15,GAMING
DEL-00765,Dell,5,G15,Dell G15 0765,Intel Core i7-1355U,NVIDIA GeForce RTX 2050,8,256,14.5,1920x1200,60,1,2.05,53,25120000,,72,Laptop Gaming,,https://example-retailer.vn/mock,2026-01-15,GAMING
ACE-00766,Acer,3,TravelMate,Acer TravelMate 0766,Intel Pentium Silver N6000,Intel UHD Graphics,16,256,15.6,1920x1200,60,0,1.44,49,11690000,12900000,133,Hoc tap - Van phong,,https://example-retailer.vn/mock,2026-01-15,OFFICE
LG-00767,LG,4,Gram Pro,LG Gram Pro 0767,Intel Core i7-12700H,NVIDIA GeForce RTX 4080 Laptop,32,512,16.0,3840x2160,90,1,2.55,55,62080000,,85,Laptop Gaming,,https://example-retailer.vn/mock,2026-01-15,GAMING
ACE-00768,Acer,3,Predator Helios,Acer Predator Helios 0768,Intel Core i7-13700H,NVIDIA GeForce RTX 4060 Laptop,16,512,16.0,1920x1080,144,1,2.76,65,32890000,,134,Laptop Gaming,,https://example-retailer.vn/mock,2026-01-15,GAMING
HP-00769,HP,4,Victus,HP Victus 0769,AMD Ryzen 7 7735HS,NVIDIA GeForce RTX 3060 Laptop,16,512,16.0,1920x1080,144,1,2.4,69,34020000,,93,Laptop Gaming,,https://example-retailer.vn/mock,2026-01-15,GAMING
LEN-00770,Lenovo,4,Legion,Lenovo Legion 0770,Intel Core i5-12450H,NVIDIA GeForce RTX 4080 Laptop,16,512,15.6,2560x1600,60,1,2.52,61,45570000,,130,Laptop Gaming,,https://example-retailer.vn/mock,2026-01-15,GAMING
HP-00771,HP,4,240 G9,HP 240 G9 0771,AMD Ryzen 5 5500U,AMD Radeon 660M,16,512,16.0,1920x1080,60,0,1.5,55,15970000,,40,Hoc tap - Van phong,,https://example-retailer.vn/mock,2026-01-15,OFFICE
ACE-00772,Acer,3,Aspire,Acer Aspire 0772,Intel Core i7-1255U,Intel UHD Graphics,16,512,14.0,1920x1080,60,0,1.28,52,15980000,17580000,136,Hoc tap - Van phong,,https://example-retailer.vn/mock,2026-01-15,OFFICE
ACE-00773,Acer,3,Nitro,Acer Nitro 0773,AMD Ryzen 7 5800H,NVIDIA GeForce MX550,16,1024,15.6,1920x1080,60,1,2.28,38,25670000,33160000,174,Do hoa - Ky thuat,,https://example-retailer.vn/mock,2026-01-15,CREATOR
MAS-00774,Masstel,1,Nobel,Masstel Nobel 0774,Intel Celeron N4500,Intel UHD Graphics,8,512,15.6,1920x1080,120,0,1.44,42,10070000,,85,Hoc tap - Van phong,,https://example-retailer.vn/mock,2026-01-15,OFFICE
LEN-00775,Lenovo,4,LOQ,Lenovo LOQ 0775,AMD Ryzen 7 7840HS,AMD Radeon RX 7600M XT,16,512,15.6,2560x1440,165,1,2.53,83,34620000,,105,Laptop Gaming,,https://example-retailer.vn/mock,2026-01-15,GAMING
GIG-00776,Gigabyte,3,Aero,Gigabyte Aero 0776,Intel Core i7-12700H,Intel UHD Graphics (Alder Lake),16,512,14.0,1920x1080,60,1,1.24,39,26190000,28280000,224,Mong nhe,,https://example-retailer.vn/mock,2026-01-15,ULTRABOOK
AVI-00777,Avita,1,Pura,Avita Pura 0777,Intel Core i3-1215U,Intel UHD Graphics,4,512,15.6,1920x1080,60,0,1.44,43,11110000,,63,Hoc tap - Van phong,,https://example-retailer.vn/mock,2026-01-15,OFFICE
HUA-00778,Huawei,3,MateBook 16s,Huawei MateBook 16s 0778,AMD Ryzen 7 7735HS,NVIDIA GeForce RTX 4080 Laptop,8,512,16.0,1920x1080,60,0,2.64,38,39230000,49190000,214,Laptop Gaming,,https://example-retailer.vn/mock,2026-01-15,GAMING
LG-00779,LG,4,Gram Pro,LG Gram Pro 0779,Intel Core i5-12500H,NVIDIA RTX A2000 Laptop,16,512,16.0,1920x1200,60,0,2.4,67,30890000,37370000,177,Laptop Gaming,,https://example-retailer.vn/mock,2026-01-15,GAMING
ACE-00780,Acer,3,Aspire,Acer Aspire 0780,Intel Celeron N4500,Intel UHD Graphics,8,256,15.6,1920x1080,120,0,1.43,32,10430000,,121,Hoc tap - Van phong,,https://example-retailer.vn/mock,2026-01-15,OFFICE
ACE-00781,Acer,3,Aspire,Acer Aspire 0781,Intel Pentium Silver N6000,Intel UHD Graphics,8,128,14.0,1920x1080,60,0,1.28,40,11040000,12060000,169,Hoc tap - Van phong,,https://example-retailer.vn/mock,2026-01-15,OFFICE
HUA-00782,Huawei,3,MateBook 16s,Huawei MateBook 16s 0782,Intel Core i9-13900H,NVIDIA GeForce RTX 3050 Ti Laptop,16,1024,16.0,1920x1080,165,1,2.15,84,34990000,,82,Laptop Gaming,,https://example-retailer.vn/mock,2026-01-15,GAMING
ACE-00783,Acer,3,TravelMate,Acer TravelMate 0783,Intel Celeron N4500,Intel UHD Graphics,8,256,15.6,1920x1080,120,0,1.6,37,9850000,,76,Hoc tap - Van phong,,https://example-retailer.vn/mock,2026-01-15,OFFICE
HUA-00784,Huawei,3,MateBook D,Huawei MateBook D 0784,Intel Pentium Silver N6000,Intel UHD Graphics,8,512,15.6,1920x1080,60,0,1.38,49,12280000,,122,Hoc tap - Van phong,,https://example-retailer.vn/mock,2026-01-15,OFFICE
LEN-00785,Lenovo,4,ThinkPad E,Lenovo ThinkPad E 0785,Intel Core i7-1255U,Intel UHD Graphics (Alder Lake),16,256,16.0,1920x1080,60,0,1.48,39,18630000,,110,Hoc tap - Van phong,,https://example-retailer.vn/mock,2026-01-15,OFFICE
ACE-00786,Acer,3,Nitro,Acer Nitro 0786,Intel Core i5-1240P,NVIDIA GeForce MX550,16,256,14.5,2880x1800,60,1,2.01,61,22000000,27140000,181,Do hoa - Ky thuat,,https://example-retailer.vn/mock,2026-01-15,CREATOR
MSI-00787,MSI,3,Modern,MSI Modern 0787,Intel Core i5-13420H,Intel UHD Graphics,16,512,14.0,1920x1080,60,0,1.46,45,19250000,,145,Hoc tap - Van phong,,https://example-retailer.vn/mock,2026-01-15,OFFICE
MSI-00788,MSI,3,Modern,MSI Modern 0788,Intel Celeron N4500,Intel UHD Graphics,16,256,16.0,1920x1200,120,0,1.39,39,13760000,17090000,93,Hoc tap - Van phong,,https://example-retailer.vn/mock,2026-01-15,OFFICE
AVI-00789,Avita,1,Pura,Avita Pura 0789,Intel Core i7-1255U,Intel UHD Graphics,8,256,15.6,1366x768,60,0,1.24,56,11950000,,87,Hoc tap - Van phong,,https://example-retailer.vn/mock,2026-01-15,OFFICE
HUA-00790,Huawei,3,MateBook 16s,Huawei MateBook 16s 0790,AMD Ryzen 7 7840HS,NVIDIA GeForce RTX 3050 Laptop,16,1024,15.6,1920x1080,144,1,2.16,79,35110000,,120,Laptop Gaming,,https://example-retailer.vn/mock,2026-01-15,GAMING
ASU-00791,ASUS,4,ZenBook,ASUS ZenBook 0791,Intel Core i5-1240P,Intel UHD Graphics,8,256,14.0,2560x1600,120,0,1.24,60,16660000,,162,Mong nhe,,https://example-retailer.vn/mock,2026-01-15,ULTRABOOK
LEN-00792,Lenovo,4,LOQ,Lenovo LOQ 0792,Intel Core i7-12700H,NVIDIA GeForce RTX 3050 Laptop,16,512,14.0,1920x1200,90,1,2.31,71,33600000,,49,Do hoa - Ky thuat,,https://example-retailer.vn/mock,2026-01-15,CREATOR
LEN-00793,Lenovo,4,ThinkPad E,Lenovo ThinkPad E 0793,AMD Ryzen 7 5800H,AMD Radeon Graphics (Vega),32,512,15.6,1920x1200,120,0,1.53,44,26110000,29790000,144,Hoc tap - Van phong,,https://example-retailer.vn/mock,2026-01-15,OFFICE
MSI-00794,MSI,3,Katana,MSI Katana 0794,Intel Core i7-12700H,NVIDIA GeForce RTX 4060 Laptop,16,512,16.0,3840x2160,120,1,2.64,71,36590000,40240000,201,Do hoa - Ky thuat,,https://example-retailer.vn/mock,2026-01-15,CREATOR
ACE-00795,Acer,3,Nitro,Acer Nitro 0795,AMD Ryzen 9 7940HS,NVIDIA GeForce RTX 4060 Laptop,16,1024,15.6,1920x1080,144,1,2.45,81,31320000,,89,Laptop Gaming,,https://example-retailer.vn/mock,2026-01-15,GAMING
ACE-00796,Acer,3,Swift,Acer Swift 0796,AMD Ryzen 5 5500U,AMD Radeon Graphics (Vega),16,256,14.0,1366x768,120,0,1.4,57,13850000,15860000,161,Mong nhe,,https://example-retailer.vn/mock,2026-01-15,ULTRABOOK
AVI-00797,Avita,1,Pura,Avita Pura 0797,Intel Pentium Silver N6000,Intel UHD Graphics,8,256,14.0,1920x1080,60,1,1.21,45,10310000,,54,Hoc tap - Van phong,,https://example-retailer.vn/mock,2026-01-15,OFFICE
APP-00798,Apple,5,MacBook Pro,Apple MacBook Pro 0798,Apple M3,Apple GPU 10-core,16,512,16.2,3840x2160,120,1,1.55,71,45310000,,123,Do hoa - Ky thuat,,https://example-retailer.vn/mock,2026-01-15,CREATOR
GIG-00799,Gigabyte,3,G5,Gigabyte G5 0799,Intel Core i7-12700H,Intel Iris Xe Graphics,16,512,16.0,1920x1080,120,0,1.54,58,21660000,,40,Hoc tap - Van phong,,https://example-retailer.vn/mock,2026-01-15,OFFICE
AVI-00800,Avita,1,Pura,Avita Pura 0800,Intel Celeron N4500,Intel UHD Graphics,4,256,16.0,1920x1080,60,1,1.31,43,8860000,9890000,108,Hoc tap - Van phong,,https://example-retailer.vn/mock,2026-01-15,OFFICE
ACE-00801,Acer,3,Predator Helios,Acer Predator Helios 0801,Intel Core i7-12700H,NVIDIA GeForce RTX 3060 Laptop,32,1024,16.1,1920x1080,144,1,2.38,62,33660000,,113,Laptop Gaming,,https://example-retailer.vn/mock,2026-01-15,GAMING
LG-00802,LG,4,Gram Pro,LG Gram Pro 0802,AMD Ryzen 5 7535HS,NVIDIA GeForce RTX 3050 Ti Laptop,16,256,17.3,1920x1080,240,1,2.41,74,33950000,42830000,143,Laptop Gaming,,https://example-retailer.vn/mock,2026-01-15,GAMING
HP-00803,HP,4,Omen,HP Omen 0803,Intel Core i5-13420H,NVIDIA GeForce RTX 3060 Laptop,32,512,15.6,1920x1200,60,1,2.16,85,35610000,,97,Do hoa - Ky thuat,,https://example-retailer.vn/mock,2026-01-15,CREATOR
DEL-00804,Dell,5,XPS,Dell XPS 0804,AMD Ryzen 3 7320U,AMD Radeon Graphics (Vega),16,512,14.0,1920x1080,120,0,1.24,52,17470000,,189,Mong nhe,,https://example-retailer.vn/mock,2026-01-15,ULTRABOOK
HUA-00805,Huawei,3,MateBook X,Huawei MateBook X 0805,Intel Core i5-1235U,Intel UHD Graphics,8,256,14.0,2560x1600,90,1,0.95,49,16830000,,78,Mong nhe,,https://example-retailer.vn/mock,2026-01-15,ULTRABOOK
MSI-00806,MSI,3,Modern,MSI Modern 0806,Intel Core i3-1215U,Intel Iris Xe Graphics,16,512,15.6,1920x1080,120,0,1.24,47,15170000,16120000,170,Hoc tap - Van phong,,https://example-retailer.vn/mock,2026-01-15,OFFICE
ASU-00807,ASUS,4,TUF Gaming,ASUS TUF Gaming 0807,Intel Core i5-12450H,NVIDIA GeForce RTX 3050 Ti Laptop,16,512,16.0,3840x2160,60,1,2.09,73,27680000,,150,Do hoa - Ky thuat,,https://example-retailer.vn/mock,2026-01-15,CREATOR
ASU-00808,ASUS,4,ROG Strix,ASUS ROG Strix 0808,AMD Ryzen 7 7730U,NVIDIA GeForce MX550,16,256,14.5,2560x1600,90,1,1.87,68,22260000,,112,Do hoa - Ky thuat,,https://example-retailer.vn/mock,2026-01-15,CREATOR
APP-00809,Apple,5,MacBook Air,Apple MacBook Air 0809,Apple M3,Apple GPU 8-core,16,1024,14.0,1920x1200,60,0,0.97,66,36840000,,97,Mong nhe,,https://example-retailer.vn/mock,2026-01-15,ULTRABOOK
LEN-00810,Lenovo,4,LOQ,Lenovo LOQ 0810,Intel Core i9-13900H,NVIDIA GeForce RTX 4050 Laptop,32,512,16.0,1920x1080,144,1,2.35,43,37120000,,137,Laptop Gaming,,https://example-retailer.vn/mock,2026-01-15,GAMING
HP-00811,HP,4,Victus,HP Victus 0811,Intel Core i7-12700H,NVIDIA GeForce RTX 4080 Laptop,16,512,14.0,1920x1200,60,0,2.53,50,41930000,,98,Laptop Gaming,,https://example-retailer.vn/mock,2026-01-15,GAMING
APP-00812,Apple,5,MacBook Pro,Apple MacBook Pro 0812,Apple M3,Apple GPU 10-core,16,512,16.2,2560x1600,60,1,1.55,83,40390000,,77,Do hoa - Ky thuat,,https://example-retailer.vn/mock,2026-01-15,CREATOR
HUA-00813,Huawei,3,MateBook 16s,Huawei MateBook 16s 0813,Intel Core i7-13700H,NVIDIA GeForce RTX 4070 Laptop,32,512,16.1,2560x1600,60,1,2.76,86,42960000,54720000,114,Laptop Gaming,,https://example-retailer.vn/mock,2026-01-15,GAMING
LEN-00814,Lenovo,4,IdeaPad Slim,Lenovo IdeaPad Slim 0814,Intel Core i7-1355U,Intel UHD Graphics,16,1024,15.6,1920x1080,60,0,1.57,46,24450000,,126,Hoc tap - Van phong,,https://example-retailer.vn/mock,2026-01-15,OFFICE
LEN-00815,Lenovo,4,Legion,Lenovo Legion 0815,AMD Ryzen 7 5800H,NVIDIA RTX A2000 Laptop,32,512,16.0,1920x1080,144,1,2.25,68,37440000,46480000,108,Laptop Gaming,,https://example-retailer.vn/mock,2026-01-15,GAMING
ACE-00816,Acer,3,Nitro,Acer Nitro 0816,Intel Core i5-12500H,NVIDIA GeForce RTX 3060 Laptop,16,512,16.2,1920x1200,60,1,2.32,69,25810000,,126,Laptop Gaming,,https://example-retailer.vn/mock,2026-01-15,GAMING
HUA-00817,Huawei,3,MateBook 16s,Huawei MateBook 16s 0817,Intel Core i9-13900H,NVIDIA GeForce RTX 4080 Laptop,32,1024,15.6,1920x1080,144,1,2.6,62,56410000,,114,Laptop Gaming,,https://example-retailer.vn/mock,2026-01-15,GAMING
LEN-00818,Lenovo,4,LOQ,Lenovo LOQ 0818,Intel Core i7-13620H,NVIDIA GeForce RTX 4060 Laptop,16,512,15.6,2560x1600,90,1,2.5,77,35350000,,65,Laptop Gaming,,https://example-retailer.vn/mock,2026-01-15,GAMING
ASU-00819,ASUS,4,ProArt,ASUS ProArt 0819,AMD Ryzen 7 7735HS,AMD Radeon RX 7600M XT,16,1024,16.0,1920x1200,165,1,2.65,68,33480000,,75,Laptop Gaming,,https://example-retailer.vn/mock,2026-01-15,GAMING
LEN-00820,Lenovo,4,ThinkPad E,Lenovo ThinkPad E 0820,Intel Core i5-1235U,Intel UHD Graphics (Alder Lake),8,512,15.6,1366x768,60,0,1.49,42,15400000,,46,Hoc tap - Van phong,,https://example-retailer.vn/mock,2026-01-15,OFFICE
MSI-00821,MSI,3,Katana,MSI Katana 0821,Intel Core i9-13900H,NVIDIA GeForce RTX 3060 Laptop,32,512,17.3,1920x1080,120,1,2.43,88,41530000,,150,Do hoa - Ky thuat,,https://example-retailer.vn/mock,2026-01-15,CREATOR
DEL-00822,Dell,5,Inspiron Slim,Dell Inspiron Slim 0822,AMD Ryzen 7 7735HS,AMD Radeon 660M,8,512,15.6,1920x1080,60,1,1.47,58,24580000,,57,Mong nhe,,https://example-retailer.vn/mock,2026-01-15,ULTRABOOK
HUA-00823,Huawei,3,MateBook X,Huawei MateBook X 0823,Intel Core i7-1255U,Intel UHD Graphics,8,256,14.5,2560x1600,90,1,1.08,52,18600000,,25,Mong nhe,,https://example-retailer.vn/mock,2026-01-15,ULTRABOOK
GIG-00824,Gigabyte,3,Aorus,Gigabyte Aorus 0824,Intel Core i7-12700H,NVIDIA GeForce RTX 4050 Laptop,32,1024,16.0,1920x1080,144,0,2.51,73,37650000,,83,Laptop Gaming,,https://example-retailer.vn/mock,2026-01-15,GAMING
LG-00825,LG,4,Gram,LG Gram 0825,Intel Core i7-1255U,NVIDIA GeForce RTX 2050,8,512,13.3,1920x1200,120,0,2.05,55,22010000,25290000,232,Hoc tap - Van phong,,https://example-retailer.vn/mock,2026-01-15,OFFICE
LG-00826,LG,4,Gram Pro,LG Gram Pro 0826,AMD Ryzen 7 7840HS,NVIDIA GeForce RTX 4080 Laptop,16,512,15.6,2560x1440,165,1,2.46,73,61150000,,128,Laptop Gaming,,https://example-retailer.vn/mock,2026-01-15,GAMING
GIG-00827,Gigabyte,3,G5,Gigabyte G5 0827,Intel Core i9-13900H,NVIDIA GeForce RTX 3060 Laptop,16,2048,16.0,1920x1080,144,0,2.25,74,40350000,46890000,184,Laptop Gaming,,https://example-retailer.vn/mock,2026-01-15,GAMING
LEN-00828,Lenovo,4,Yoga Slim,Lenovo Yoga Slim 0828,Intel Core i7-1260P,Intel Iris Xe Graphics,8,512,14.0,1920x1080,60,0,1.42,67,17300000,,98,Mong nhe,,https://example-retailer.vn/mock,2026-01-15,ULTRABOOK
MSI-00829,MSI,3,Raider,MSI Raider 0829,AMD Ryzen 5 7535HS,NVIDIA GeForce RTX 3050 Ti Laptop,8,512,17.3,1920x1080,165,1,2.39,47,26810000,30630000,207,Laptop Gaming,,https://example-retailer.vn/mock,2026-01-15,GAMING
DEL-00830,Dell,5,Inspiron,Dell Inspiron 0830,AMD Ryzen 3 7320U,AMD Radeon Graphics (Vega),8,512,16.0,1366x768,60,0,1.44,42,14530000,16330000,140,Hoc tap - Van phong,,https://example-retailer.vn/mock,2026-01-15,OFFICE
DEL-00831,Dell,5,G15,Dell G15 0831,AMD Ryzen 7 7840HS,NVIDIA GeForce RTX 3050 Ti Laptop,32,1024,16.1,1920x1080,144,0,2.23,94,39860000,42720000,126,Laptop Gaming,,https://example-retailer.vn/mock,2026-01-15,GAMING
HP-00832,HP,4,240 G9,HP 240 G9 0832,AMD Ryzen 7 7730U,NVIDIA GeForce RTX 2050,16,512,15.6,1920x1080,120,0,2.42,50,24740000,,92,Hoc tap - Van phong,,https://example-retailer.vn/mock,2026-01-15,OFFICE
ASU-00833,ASUS,4,VivoBook S,ASUS VivoBook S 0833,Intel Core i3-1215U,Intel UHD Graphics (Alder Lake),8,256,15.6,1920x1080,60,0,1.31,60,13100000,,117,Mong nhe,,https://example-retailer.vn/mock,2026-01-15,ULTRABOOK
GIG-00834,Gigabyte,3,Aero,Gigabyte Aero 0834,AMD Ryzen 7 7735HS,AMD Radeon Graphics (Vega),32,1024,14.0,1920x1080,60,1,1.22,41,25140000,,84,Mong nhe,,https://example-retailer.vn/mock,2026-01-15,ULTRABOOK
MSI-00835,MSI,3,Katana,MSI Katana 0835,AMD Ryzen 5 7530U,NVIDIA GeForce RTX 2050,16,1024,13.3,2560x1600,60,0,1.93,61,25670000,,119,Laptop Gaming,,https://example-retailer.vn/mock,2026-01-15,GAMING
HUA-00836,Huawei,3,MateBook D,Huawei MateBook D 0836,Intel Core i7-1255U,Intel UHD Graphics (Alder Lake),8,512,15.6,1920x1080,60,0,1.42,50,17510000,20920000,125,Hoc tap - Van phong,,https://example-retailer.vn/mock,2026-01-15,OFFICE
HUA-00837,Huawei,3,MateBook 16s,Huawei MateBook 16s 0837,Intel Core i7-13620H,NVIDIA GeForce RTX 3060 Laptop,16,512,15.6,1920x1200,120,1,2.11,63,32500000,,68,Do hoa - Ky thuat,,https://example-retailer.vn/mock,2026-01-15,CREATOR
LG-00838,LG,4,Gram Pro,LG Gram Pro 0838,Intel Core i9-13900H,NVIDIA GeForce RTX 3050 Ti Laptop,32,512,14.0,1920x1200,60,0,2.26,81,41070000,47470000,102,Laptop Gaming,,https://example-retailer.vn/mock,2026-01-15,GAMING
HP-00839,HP,4,Omen,HP Omen 0839,AMD Ryzen 5 7535HS,NVIDIA GeForce RTX 3060 Laptop,16,512,16.1,2560x1440,165,0,2.32,58,28730000,32440000,154,Laptop Gaming,,https://example-retailer.vn/mock,2026-01-15,GAMING
ASU-00840,ASUS,4,TUF Gaming,ASUS TUF Gaming 0840,Intel Core i7-1260P,NVIDIA GeForce RTX 2050,16,512,15.6,1920x1080,60,0,2.46,50,20680000,,130,Laptop Gaming,,https://example-retailer.vn/mock,2026-01-15,GAMING
DEL-00841,Dell,5,Vostro,Dell Vostro 0841,AMD Ryzen 3 7320U,AMD Radeon 660M,8,128,14.0,1920x1200,60,0,1.36,57,14720000,15810000,0,Hoc tap - Van phong,,https://example-retailer.vn/mock,2026-01-15,OFFICE
HP-00842,HP,4,Spectre,HP Spectre 0842,Intel Core i3-1215U,Intel Iris Xe Graphics,8,256,13.6,1920x1200,60,1,0.95,74,17070000,22240000,93,Mong nhe,,https://example-retailer.vn/mock,2026-01-15,ULTRABOOK
LG-00843,LG,4,Gram Pro,LG Gram Pro 0843,Intel Core i7-12700H,NVIDIA RTX A2000 Laptop,16,512,15.6,1366x768,60,0,2.39,51,44680000,49790000,88,Laptop Gaming,,https://example-retailer.vn/mock,2026-01-15,GAMING
AVI-00844,Avita,1,Pura,Avita Pura 0844,Intel Core i7-1255U,Intel Iris Xe Graphics,8,512,16.0,1920x1080,120,0,1.38,41,13100000,,77,Hoc tap - Van phong,,https://example-retailer.vn/mock,2026-01-15,OFFICE
ACE-00845,Acer,3,Swift,Acer Swift 0845,Intel Celeron N4500,Intel UHD Graphics,4,256,14.0,1920x1080,120,0,1.27,51,8320000,,4,Mong nhe,,https://example-retailer.vn/mock,2026-01-15,ULTRABOOK
ASU-00846,ASUS,4,ZenBook,ASUS ZenBook 0846,AMD Ryzen 7 5800H,AMD Radeon 780M,16,512,15.6,1920x1080,60,0,1.54,46,20530000,24770000,249,Mong nhe,,https://example-retailer.vn/mock,2026-01-15,ULTRABOOK
HP-00847,HP,4,Omen,HP Omen 0847,AMD Ryzen 7 7840HS,NVIDIA GeForce RTX 4070 Laptop,32,1024,16.0,2560x1600,90,1,2.82,64,48430000,51250000,155,Do hoa - Ky thuat,,https://example-retailer.vn/mock,2026-01-15,CREATOR
ASU-00848,ASUS,4,ProArt,ASUS ProArt 0848,AMD Ryzen 7 5800H,NVIDIA GeForce RTX 4080 Laptop,16,1024,15.6,1920x1080,144,1,2.7,76,47150000,54720000,145,Laptop Gaming,,https://example-retailer.vn/mock,2026-01-15,GAMING
MSI-00849,MSI,3,Modern,MSI Modern 0849,Intel Core i7-1255U,Intel UHD Graphics (Alder Lake),16,1024,16.0,1920x1200,60,1,1.56,45,24140000,28260000,68,Hoc tap - Van phong,,https://example-retailer.vn/mock,2026-01-15,OFFICE
ACE-00850,Acer,3,Nitro,Acer Nitro 0850,AMD Ryzen 7 7840HS,NVIDIA GeForce RTX 4070 Laptop,64,1024,16.1,3840x2160,90,1,2.75,65,49580000,,147,Do hoa - Ky thuat,,https://example-retailer.vn/mock,2026-01-15,CREATOR
MSI-00851,MSI,3,Modern,MSI Modern 0851,Intel Celeron N4500,Intel UHD Graphics,8,512,14.0,1920x1080,60,0,1.2,41,10380000,,146,Hoc tap - Van phong,,https://example-retailer.vn/mock,2026-01-15,OFFICE
DEL-00852,Dell,5,Alienware M,Dell Alienware M 0852,Intel Core i7-13700H,NVIDIA GeForce RTX 4080 Laptop,32,1024,16.0,3840x2160,60,0,2.6,56,61120000,,53,Laptop Gaming,,https://example-retailer.vn/mock,2026-01-15,GAMING
LEN-00853,Lenovo,4,IdeaPad Slim,Lenovo IdeaPad Slim 0853,AMD Ryzen 5 7530U,AMD Radeon Graphics (Vega),16,512,15.6,1366x768,60,0,1.23,36,18230000,21470000,115,Hoc tap - Van phong,,https://example-retailer.vn/mock,2026-01-15,OFFICE
ACE-00854,Acer,3,Nitro,Acer Nitro 0854,Intel Core i5-12450H,NVIDIA GeForce RTX 4050 Laptop,8,512,15.6,1920x1080,144,1,2.38,65,21060000,26190000,134,Laptop Gaming,,https://example-retailer.vn/mock,2026-01-15,GAMING
DEL-00855,Dell,5,XPS,Dell XPS 0855,AMD Ryzen 7 7730U,AMD Radeon Graphics (Vega),16,512,13.6,1920x1200,90,0,0.95,61,23020000,,63,Mong nhe,,https://example-retailer.vn/mock,2026-01-15,ULTRABOOK
ACE-00856,Acer,3,Swift,Acer Swift 0856,Intel Core i7-1260P,Intel UHD Graphics,16,512,13.6,1920x1200,60,0,0.99,55,20710000,24020000,84,Mong nhe,,https://example-retailer.vn/mock,2026-01-15,ULTRABOOK
GIG-00857,Gigabyte,3,G5,Gigabyte G5 0857,AMD Ryzen 5 5500U,NVIDIA GeForce RTX 2050,8,512,15.6,1920x1080,60,0,2.58,40,16110000,,65,Hoc tap - Van phong,,https://example-retailer.vn/mock,2026-01-15,OFFICE
HUA-00858,Huawei,3,MateBook D,Huawei MateBook D 0858,AMD Ryzen 3 7320U,AMD Radeon 680M,4,512,15.6,1920x1080,60,0,1.47,46,11920000,,122,Hoc tap - Van phong,,https://example-retailer.vn/mock,2026-01-15,OFFICE
LG-00859,LG,4,Gram,LG Gram 0859,AMD Ryzen 5 7535HS,AMD Radeon 680M,16,256,15.6,1920x1080,60,0,1.45,56,23200000,28280000,99,Hoc tap - Van phong,,https://example-retailer.vn/mock,2026-01-15,OFFICE
HP-00860,HP,4,ProBook,HP ProBook 0860,Intel Core i3-1215U,Intel UHD Graphics (Alder Lake),8,512,15.6,1920x1080,60,0,1.3,44,13170000,,67,Hoc tap - Van phong,,https://example-retailer.vn/mock,2026-01-15,OFFICE
MSI-00861,MSI,3,Raider,MSI Raider 0861,Intel Core i5-12500H,NVIDIA GeForce RTX 3050 Laptop,16,512,15.6,1920x1080,120,0,2.32,48,24490000,,87,Laptop Gaming,,https://example-retailer.vn/mock,2026-01-15,GAMING
DEL-00862,Dell,5,G15,Dell G15 0862,Intel Core i7-14700HX,NVIDIA GeForce RTX 4070 Laptop,32,2048,17.3,3840x2160,165,1,2.69,71,70110000,,297,Laptop Gaming,,https://example-retailer.vn/mock,2026-01-15,GAMING
LEN-00863,Lenovo,4,ThinkPad E,Lenovo ThinkPad E 0863,Intel Core i3-1215U,Intel UHD Graphics,8,128,15.6,1920x1080,60,1,1.37,39,15010000,19410000,59,Hoc tap - Van phong,,https://example-retailer.vn/mock,2026-01-15,OFFICE
LG-00864,LG,4,Gram,LG Gram 0864,Intel Core i5-1335U,Intel UHD Graphics,16,256,14.5,2560x1600,60,1,1.11,62,21560000,25190000,125,Mong nhe,,https://example-retailer.vn/mock,2026-01-15,ULTRABOOK
GIG-00865,Gigabyte,3,Aorus,Gigabyte Aorus 0865,Intel Core i7-14700HX,NVIDIA GeForce RTX 3060 Laptop,32,512,15.6,1920x1080,240,1,2.23,86,45840000,51310000,64,Do hoa - Ky thuat,,https://example-retailer.vn/mock,2026-01-15,CREATOR
DEL-00866,Dell,5,Vostro,Dell Vostro 0866,Intel Core i7-1255U,NVIDIA GeForce RTX 2050,16,256,15.6,1920x1080,60,0,2.33,43,25850000,,87,Hoc tap - Van phong,,https://example-retailer.vn/mock,2026-01-15,OFFICE
HP-00867,HP,4,Omen,HP Omen 0867,AMD Ryzen 7 7735HS,NVIDIA GeForce RTX 3060 Laptop,16,512,16.2,1920x1200,60,1,2.35,59,31380000,35350000,207,Laptop Gaming,,https://example-retailer.vn/mock,2026-01-15,GAMING
HP-00868,HP,4,ProBook,HP ProBook 0868,Intel Core i5-1235U,Intel UHD Graphics,16,512,15.6,1920x1080,60,0,1.61,44,17500000,,50,Hoc tap - Van phong,,https://example-retailer.vn/mock,2026-01-15,OFFICE
MSI-00869,MSI,3,Katana,MSI Katana 0869,Intel Core i7-12700H,NVIDIA GeForce RTX 4060 Laptop,16,512,16.1,1920x1080,165,1,2.45,85,31560000,,131,Laptop Gaming,,https://example-retailer.vn/mock,2026-01-15,GAMING
MAS-00870,Masstel,1,Nobel,Masstel Nobel 0870,Intel Core i7-1355U,Intel UHD Graphics,16,512,14.0,2560x1600,120,1,0.95,55,16330000,18870000,26,Mong nhe,,https://example-retailer.vn/mock,2026-01-15,ULTRABOOK
DEL-00871,Dell,5,G15,Dell G15 0871,Intel Core i5-12500H,NVIDIA GeForce RTX 4050 Laptop,32,512,16.0,1920x1200,120,1,2.46,72,39360000,,105,Do hoa - Ky thuat,,https://example-retailer.vn/mock,2026-01-15,CREATOR
GIG-00872,Gigabyte,3,G5,Gigabyte G5 0872,Intel Core i5-1335U,NVIDIA GeForce MX550,8,512,15.6,1920x1080,60,0,2.29,55,16420000,,92,Hoc tap - Van phong,,https://example-retailer.vn/mock,2026-01-15,OFFICE
DEL-00873,Dell,5,Inspiron,Dell Inspiron 0873,Intel Core i3-1215U,Intel UHD Graphics (Alder Lake),8,256,16.0,1366x768,60,0,1.52,56,16390000,,26,Hoc tap - Van phong,,https://example-retailer.vn/mock,2026-01-15,OFFICE
AVI-00874,Avita,1,Pura,Avita Pura 0874,Intel Celeron N4500,Intel UHD Graphics,8,256,15.6,1920x1080,60,0,1.31,44,8130000,,107,Hoc tap - Van phong,,https://example-retailer.vn/mock,2026-01-15,OFFICE
DEL-00875,Dell,5,Latitude,Dell Latitude 0875,Intel Core i3-1215U,Intel UHD Graphics (Alder Lake),8,256,14.0,1920x1080,120,0,1.41,57,14970000,,105,Hoc tap - Van phong,,https://example-retailer.vn/mock,2026-01-15,OFFICE
LEN-00876,Lenovo,4,LOQ,Lenovo LOQ 0876,Intel Core i7-1260P,NVIDIA GeForce RTX 2050,32,1024,14.5,1920x1200,60,0,2.08,46,32510000,,96,Laptop Gaming,,https://example-retailer.vn/mock,2026-01-15,GAMING
GIG-00877,Gigabyte,3,Aorus,Gigabyte Aorus 0877,Intel Core i5-12450H,NVIDIA GeForce RTX 4050 Laptop,16,512,15.6,1920x1080,165,0,2.45,89,25960000,,95,Laptop Gaming,,https://example-retailer.vn/mock,2026-01-15,GAMING
HP-00878,HP,4,Spectre,HP Spectre 0878,Intel Core i7-1260P,Intel UHD Graphics (Alder Lake),16,512,14.0,1920x1200,60,0,1.1,53,23080000,27880000,152,Mong nhe,,https://example-retailer.vn/mock,2026-01-15,ULTRABOOK
HUA-00879,Huawei,3,MateBook D,Huawei MateBook D 0879,Intel Core i7-13620H,Intel UHD Graphics (Alder Lake),16,512,15.6,1920x1080,120,0,1.58,51,22290000,,50,Hoc tap - Van phong,,https://example-retailer.vn/mock,2026-01-15,OFFICE
DEL-00880,Dell,5,Alienware M,Dell Alienware M 0880,Intel Core i7-13620H,NVIDIA GeForce RTX 3060 Laptop,16,512,16.0,1920x1080,165,0,2.39,60,39590000,49500000,256,Laptop Gaming,,https://example-retailer.vn/mock,2026-01-15,GAMING
HP-00881,HP,4,Omen,HP Omen 0881,Intel Core i5-12450H,NVIDIA GeForce RTX 3050 Ti Laptop,16,512,15.6,2560x1440,144,0,2.39,67,27980000,,42,Laptop Gaming,,https://example-retailer.vn/mock,2026-01-15,GAMING
LEN-00882,Lenovo,4,Legion,Lenovo Legion 0882,Intel Core i5-13420H,NVIDIA GeForce RTX 4080 Laptop,16,512,14.0,2560x1600,60,1,2.31,58,47270000,,128,Laptop Gaming,,https://example-retailer.vn/mock,2026-01-15,GAMING
MAS-00883,Masstel,1,Nobel,Masstel Nobel 0883,AMD Ryzen 5 5500U,AMD Radeon 660M,8,512,14.0,1920x1080,60,0,1.27,48,13060000,,77,Hoc tap - Van phong,,https://example-retailer.vn/mock,2026-01-15,OFFICE
GIG-00884,Gigabyte,3,G5,Gigabyte G5 0884,Intel Core i5-1235U,Intel UHD Graphics (Alder Lake),16,512,15.6,1920x1080,60,0,1.48,40,16040000,,83,Hoc tap - Van phong,,https://example-retailer.vn/mock,2026-01-15,OFFICE
LG-00885,LG,4,Gram Pro,LG Gram Pro 0885,Intel Core i5-12500H,NVIDIA GeForce RTX 3060 Laptop,16,512,17.3,1920x1080,144,0,2.31,86,36170000,43270000,226,Laptop Gaming,,https://example-retailer.vn/mock,2026-01-15,GAMING
HP-00886,HP,4,Victus,HP Victus 0886,Intel Core i7-13700H,NVIDIA GeForce RTX 3060 Laptop,32,2048,14.0,2560x1600,120,1,2.19,82,42300000,,80,Do hoa - Ky thuat,,https://example-retailer.vn/mock,2026-01-15,CREATOR
MSI-00887,MSI,3,Katana,MSI Katana 0887,Intel Core i7-13700H,NVIDIA GeForce RTX 4080 Laptop,32,512,15.6,1920x1080,144,0,2.61,82,48110000,56090000,226,Laptop Gaming,,https://example-retailer.vn/mock,2026-01-15,GAMING
HP-00888,HP,4,Victus,HP Victus 0888,Intel Core i7-14700HX,NVIDIA GeForce RTX 3050 Ti Laptop,32,512,17.3,2560x1440,165,0,2.76,71,40450000,50210000,67,Laptop Gaming,,https://example-retailer.vn/mock,2026-01-15,GAMING
HUA-00889,Huawei,3,MateBook D,Huawei MateBook D 0889,Intel Celeron N4500,Intel UHD Graphics,8,128,15.6,1920x1200,120,0,1.52,45,9680000,,82,Hoc tap - Van phong,,https://example-retailer.vn/mock,2026-01-15,OFFICE
DEL-00890,Dell,5,G15,Dell G15 0890,Intel Core i5-1335U,NVIDIA GeForce MX550,8,1024,15.6,1920x1080,60,1,2.45,40,26870000,34230000,139,Laptop Gaming,,https://example-retailer.vn/mock,2026-01-15,GAMING
MSI-00891,MSI,3,Creator,MSI Creator 0891,Intel Core i7-13700H,NVIDIA GeForce RTX 3060 Laptop,32,1024,15.6,1920x1080,144,0,2.25,62,37390000,,92,Laptop Gaming,,https://example-retailer.vn/mock,2026-01-15,GAMING
ACE-00892,Acer,3,Aspire,Acer Aspire 0892,Intel Core i5-12500H,Intel UHD Graphics (Alder Lake),16,512,15.6,1920x1080,60,0,1.47,58,17510000,19620000,119,Hoc tap - Van phong,,https://example-retailer.vn/mock,2026-01-15,OFFICE
ACE-00893,Acer,3,Nitro,Acer Nitro 0893,AMD Ryzen 7 5800H,NVIDIA GeForce RTX 4070 Laptop,32,512,16.0,2560x1600,60,1,2.57,64,35300000,,148,Do hoa - Ky thuat,,https://example-retailer.vn/mock,2026-01-15,CREATOR
ACE-00894,Acer,3,TravelMate,Acer TravelMate 0894,Intel Core i3-1215U,Intel UHD Graphics (Alder Lake),4,256,15.6,1920x1080,60,0,1.48,52,11450000,,0,Hoc tap - Van phong,,https://example-retailer.vn/mock,2026-01-15,OFFICE
HP-00895,HP,4,Spectre,HP Spectre 0895,Intel Core i7-1260P,Intel Iris Xe Graphics,32,512,15.6,1920x1080,120,0,1.35,53,25150000,,18,Mong nhe,,https://example-retailer.vn/mock,2026-01-15,ULTRABOOK
AVI-00896,Avita,1,Pura,Avita Pura 0896,Intel Core i5-1235U,Intel UHD Graphics,8,256,15.6,1920x1080,60,0,1.48,48,12120000,13310000,40,Hoc tap - Van phong,,https://example-retailer.vn/mock,2026-01-15,OFFICE
ASU-00897,ASUS,4,VivoBook,ASUS VivoBook 0897,Intel Core i5-1235U,Intel Iris Xe Graphics,8,256,14.0,1920x1200,60,0,1.42,48,14060000,,95,Hoc tap - Van phong,,https://example-retailer.vn/mock,2026-01-15,OFFICE
HUA-00898,Huawei,3,MateBook 16s,Huawei MateBook 16s 0898,Intel Core i7-12700H,NVIDIA GeForce RTX 4060 Laptop,16,1024,15.6,2560x1600,120,1,2.73,60,35470000,,67,Do hoa - Ky thuat,,https://example-retailer.vn/mock,2026-01-15,CREATOR
HUA-00899,Huawei,3,MateBook D,Huawei MateBook D 0899,Intel Core i7-1255U,Intel UHD Graphics (Alder Lake),8,256,14.0,1920x1200,60,0,1.31,53,13590000,15080000,242,Hoc tap - Van phong,,https://example-retailer.vn/mock,2026-01-15,OFFICE
ASU-00900,ASUS,4,ExpertBook,ASUS ExpertBook 0900,Intel Core i5-1335U,Intel UHD Graphics,8,256,15.6,1366x768,60,0,1.44,56,15800000,16670000,167,Hoc tap - Van phong,,https://example-retailer.vn/mock,2026-01-15,OFFICE
ASU-00901,ASUS,4,ROG Strix,ASUS ROG Strix 0901,Intel Core i5-12500H,NVIDIA RTX A2000 Laptop,16,512,16.2,3840x2160,60,1,2.37,71,33740000,40960000,100,Do hoa - Ky thuat,,https://example-retailer.vn/mock,2026-01-15,CREATOR
ACE-00902,Acer,3,Predator Helios,Acer Predator Helios 0902,AMD Ryzen 7 7735HS,NVIDIA GeForce RTX 3060 Laptop,16,512,16.0,1920x1080,60,0,2.2,57,31840000,,80,Laptop Gaming,,https://example-retailer.vn/mock,2026-01-15,GAMING
GIG-00903,Gigabyte,3,G5,Gigabyte G5 0903,Intel Core i7-1255U,Intel UHD Graphics (Alder Lake),8,512,15.6,1366x768,120,0,1.39,60,14990000,,28,Hoc tap - Van phong,,https://example-retailer.vn/mock,2026-01-15,OFFICE
GIG-00904,Gigabyte,3,G5,Gigabyte G5 0904,Intel Celeron N4500,Intel UHD Graphics,8,256,14.0,1920x1080,120,0,1.3,39,11060000,,85,Hoc tap - Van phong,,https://example-retailer.vn/mock,2026-01-15,OFFICE
HP-00905,HP,4,ProBook,HP ProBook 0905,AMD Ryzen 5 5500U,AMD Radeon 660M,16,256,16.0,1920x1200,60,0,1.51,54,16000000,,159,Hoc tap - Van phong,,https://example-retailer.vn/mock,2026-01-15,OFFICE
ACE-00906,Acer,3,TravelMate,Acer TravelMate 0906,Intel Core i3-1215U,Intel UHD Graphics (Alder Lake),4,256,15.6,1920x1080,60,0,1.53,44,10330000,,67,Hoc tap - Van phong,,https://example-retailer.vn/mock,2026-01-15,OFFICE
LG-00907,LG,4,Gram,LG Gram 0907,Intel Core i5-1235U,Intel UHD Graphics,16,256,15.6,1920x1080,60,0,1.24,36,20360000,25240000,103,Hoc tap - Van phong,,https://example-retailer.vn/mock,2026-01-15,OFFICE
LG-00908,LG,4,Gram Pro,LG Gram Pro 0908,Intel Core i7-12700H,NVIDIA GeForce RTX 4070 Laptop,16,512,15.6,2560x1440,144,1,2.59,80,45560000,48720000,304,Laptop Gaming,,https://example-retailer.vn/mock,2026-01-15,GAMING
GIG-00909,Gigabyte,3,G5,Gigabyte G5 0909,AMD Ryzen 3 7320U,AMD Radeon 680M,8,256,14.0,1920x1200,120,0,1.09,55,13500000,14380000,129,Hoc tap - Van phong,,https://example-retailer.vn/mock,2026-01-15,OFFICE
LEN-00910,Lenovo,4,ThinkPad X1,Lenovo ThinkPad X1 0910,Intel Core i5-1240P,Intel UHD Graphics (Alder Lake),8,512,14.0,2880x1800,120,0,1.2,58,21140000,,75,Mong nhe,,https://example-retailer.vn/mock,2026-01-15,ULTRABOOK
MAS-00911,Masstel,1,Nobel,Masstel Nobel 0911,Intel Core i7-1255U,Intel Iris Xe Graphics,16,512,14.0,1920x1080,60,0,1.22,59,16790000,,61,Mong nhe,,https://example-retailer.vn/mock,2026-01-15,ULTRABOOK
GIG-00912,Gigabyte,3,G5,Gigabyte G5 0912,Intel Core i9-13900H,NVIDIA RTX A2000 Laptop,16,1024,16.1,2560x1600,60,0,2.44,72,30710000,37030000,102,Laptop Gaming,,https://example-retailer.vn/mock,2026-01-15,GAMING
LG-00913,LG,4,Gram,LG Gram 0913,AMD Ryzen 3 7320U,AMD Radeon 660M,8,512,16.0,1366x768,120,0,1.4,40,15780000,,150,Hoc tap - Van phong,,https://example-retailer.vn/mock,2026-01-15,OFFICE
HUA-00914,Huawei,3,MateBook 16s,Huawei MateBook 16s 0914,AMD Ryzen 9 7940HS,NVIDIA GeForce RTX 4080 Laptop,16,512,15.6,2560x1600,90,0,2.65,35,50150000,,153,Laptop Gaming,,https://example-retailer.vn/mock,2026-01-15,GAMING
ASU-00915,ASUS,4,TUF Gaming,ASUS TUF Gaming 0915,Intel Core i7-13620H,NVIDIA GeForce RTX 4080 Laptop,16,512,16.0,1920x1080,240,0,2.66,49,40540000,45860000,256,Laptop Gaming,,https://example-retailer.vn/mock,2026-01-15,GAMING
HUA-00916,Huawei,3,MateBook 16s,Huawei MateBook 16s 0916,Intel Core i7-13700H,NVIDIA GeForce RTX 3060 Laptop,32,512,16.0,1920x1080,165,1,2.41,71,36140000,41800000,145,Laptop Gaming,,https://example-retailer.vn/mock,2026-01-15,GAMING
GIG-00917,Gigabyte,3,Aorus,Gigabyte Aorus 0917,AMD Ryzen 7 5800H,AMD Radeon RX 7600M XT,16,512,16.0,2560x1440,165,1,2.49,66,39710000,43150000,169,Laptop Gaming,,https://example-retailer.vn/mock,2026-01-15,GAMING
MAS-00918,Masstel,1,Nobel,Masstel Nobel 0918,Intel Celeron N4500,Intel UHD Graphics,16,256,15.6,1920x1200,60,0,1.45,34,10390000,13820000,120,Hoc tap - Van phong,,https://example-retailer.vn/mock,2026-01-15,OFFICE
DEL-00919,Dell,5,G15,Dell G15 0919,Intel Core i7-12700H,NVIDIA GeForce RTX 4070 Laptop,32,1024,14.0,3840x2160,60,1,2.4,60,49950000,,60,Do hoa - Ky thuat,,https://example-retailer.vn/mock,2026-01-15,CREATOR
ASU-00920,ASUS,4,VivoBook S,ASUS VivoBook S 0920,AMD Ryzen 3 7320U,AMD Radeon Graphics (Vega),8,128,13.6,1920x1200,90,0,1.01,69,13920000,15330000,196,Mong nhe,,https://example-retailer.vn/mock,2026-01-15,ULTRABOOK
LG-00921,LG,4,Gram Pro,LG Gram Pro 0921,Intel Core i7-13700H,NVIDIA GeForce RTX 4050 Laptop,16,512,17.3,1920x1080,144,1,2.38,80,42830000,,83,Laptop Gaming,,https://example-retailer.vn/mock,2026-01-15,GAMING
MSI-00922,MSI,3,Prestige,MSI Prestige 0922,Intel Core i7-1260P,Intel UHD Graphics,32,1024,14.0,2880x1800,90,1,0.96,56,29740000,,91,Mong nhe,,https://example-retailer.vn/mock,2026-01-15,ULTRABOOK
MSI-00923,MSI,3,Katana,MSI Katana 0923,Intel Core i5-12450H,NVIDIA GeForce RTX 4060 Laptop,16,512,14.0,1920x1200,60,1,2.5,76,32570000,,109,Laptop Gaming,,https://example-retailer.vn/mock,2026-01-15,GAMING
ACE-00924,Acer,3,Aspire,Acer Aspire 0924,Intel Core i5-12450H,Intel Iris Xe Graphics,16,512,15.6,1920x1080,120,0,1.42,51,16680000,,103,Hoc tap - Van phong,,https://example-retailer.vn/mock,2026-01-15,OFFICE
GIG-00925,Gigabyte,3,Aero,Gigabyte Aero 0925,Intel Core i5-1235U,Intel UHD Graphics,8,512,14.0,2560x1600,60,1,0.96,57,16720000,19540000,33,Mong nhe,,https://example-retailer.vn/mock,2026-01-15,ULTRABOOK
HUA-00926,Huawei,3,MateBook 16s,Huawei MateBook 16s 0926,Intel Core i5-12450H,NVIDIA GeForce RTX 4080 Laptop,16,512,15.6,1920x1200,165,1,2.53,76,40440000,,89,Laptop Gaming,,https://example-retailer.vn/mock,2026-01-15,GAMING
HP-00927,HP,4,Victus,HP Victus 0927,AMD Ryzen 9 7940HS,NVIDIA GeForce RTX 4080 Laptop,16,1024,16.0,1920x1080,165,1,2.43,86,56780000,,115,Laptop Gaming,,https://example-retailer.vn/mock,2026-01-15,GAMING
HP-00928,HP,4,Omen,HP Omen 0928,Intel Core i5-12450H,NVIDIA GeForce RTX 3060 Laptop,8,256,14.0,1920x1080,60,0,2.24,41,24810000,27570000,139,Laptop Gaming,,https://example-retailer.vn/mock,2026-01-15,GAMING
HUA-00929,Huawei,3,MateBook X,Huawei MateBook X 0929,AMD Ryzen 3 7320U,AMD Radeon 680M,8,128,14.0,1920x1200,60,0,0.95,64,11980000,,47,Mong nhe,,https://example-retailer.vn/mock,2026-01-15,ULTRABOOK
HP-00930,HP,4,Omen,HP Omen 0930,AMD Ryzen 9 7940HS,NVIDIA GeForce RTX 3050 Ti Laptop,16,512,15.6,1920x1080,144,0,2.35,61,33460000,,123,Laptop Gaming,,https://example-retailer.vn/mock,2026-01-15,GAMING
LG-00931,LG,4,Gram,LG Gram 0931,AMD Ryzen 5 5500U,AMD Radeon 680M,32,512,15.6,1920x1080,60,0,1.64,70,25090000,,135,Hoc tap - Van phong,,https://example-retailer.vn/mock,2026-01-15,OFFICE
HUA-00932,Huawei,3,MateBook X,Huawei MateBook X 0932,Intel Core i5-1335U,Intel UHD Graphics (Alder Lake),16,512,14.0,2560x1600,60,0,1.24,58,17870000,,108,Mong nhe,,https://example-retailer.vn/mock,2026-01-15,ULTRABOOK
ASU-00933,ASUS,4,TUF Gaming,ASUS TUF Gaming 0933,Intel Core i7-13700H,NVIDIA GeForce RTX 3050 Ti Laptop,32,512,16.0,1920x1200,60,1,2.24,81,33810000,,50,Do hoa - Ky thuat,,https://example-retailer.vn/mock,2026-01-15,CREATOR
LG-00934,LG,4,Gram Pro,LG Gram Pro 0934,AMD Ryzen 7 7735HS,NVIDIA GeForce RTX 3060 Laptop,8,512,15.6,1920x1200,120,1,2.53,62,35650000,,93,Do hoa - Ky thuat,,https://example-retailer.vn/mock,2026-01-15,CREATOR
ASU-00935,ASUS,4,TUF Gaming,ASUS TUF Gaming 0935,AMD Ryzen 7 5800H,AMD Radeon RX 7600M XT,32,512,16.0,1920x1080,165,1,2.5,87,37840000,,184,Laptop Gaming,,https://example-retailer.vn/mock,2026-01-15,GAMING
ASU-00936,ASUS,4,ROG Strix,ASUS ROG Strix 0936,Intel Core i7-13700H,NVIDIA GeForce RTX 4080 Laptop,16,2048,16.1,1920x1080,240,0,2.62,76,48340000,,97,Laptop Gaming,,https://example-retailer.vn/mock,2026-01-15,GAMING
APP-00937,Apple,5,MacBook Air,Apple MacBook Air 0937,Apple M1,Apple GPU 8-core,8,512,14.0,1920x1200,120,0,1.13,66,28220000,35320000,116,Mong nhe,,https://example-retailer.vn/mock,2026-01-15,ULTRABOOK
ASU-00938,ASUS,4,VivoBook,ASUS VivoBook 0938,AMD Ryzen 5 5500U,AMD Radeon Graphics (Vega),16,512,15.6,1920x1080,60,0,1.39,65,14280000,18780000,137,Hoc tap - Van phong,,https://example-retailer.vn/mock,2026-01-15,OFFICE
ASU-00939,ASUS,4,ROG Strix,ASUS ROG Strix 0939,Intel Core i5-12500H,NVIDIA GeForce RTX 4050 Laptop,16,512,16.0,1920x1200,60,1,2.26,48,29010000,35190000,105,Do hoa - Ky thuat,,https://example-retailer.vn/mock,2026-01-15,CREATOR
LEN-00940,Lenovo,4,ThinkPad E,Lenovo ThinkPad E 0940,Intel Core i5-1235U,Intel UHD Graphics (Alder Lake),8,512,15.6,1920x1080,120,1,1.47,44,16740000,,125,Hoc tap - Van phong,,https://example-retailer.vn/mock,2026-01-15,OFFICE
MAS-00941,Masstel,1,Nobel,Masstel Nobel 0941,Intel Core i5-1235U,Intel UHD Graphics (Alder Lake),16,512,15.6,1920x1080,60,0,1.56,35,13700000,,72,Hoc tap - Van phong,,https://example-retailer.vn/mock,2026-01-15,OFFICE
GIG-00942,Gigabyte,3,G5,Gigabyte G5 0942,AMD Ryzen 5 5500U,AMD Radeon 680M,8,512,15.6,1920x1080,60,0,1.29,32,15310000,,112,Hoc tap - Van phong,,https://example-retailer.vn/mock,2026-01-15,OFFICE
DEL-00943,Dell,5,Latitude,Dell Latitude 0943,Intel Core i5-13420H,Intel UHD Graphics,16,512,16.0,1920x1080,60,0,1.44,32,21060000,26530000,148,Hoc tap - Van phong,,https://example-retailer.vn/mock,2026-01-15,OFFICE
LG-00944,LG,4,Gram,LG Gram 0944,AMD Ryzen 5 7530U,AMD Radeon 680M,16,512,14.0,1920x1080,60,0,1.42,52,21240000,,63,Hoc tap - Van phong,,https://example-retailer.vn/mock,2026-01-15,OFFICE
GIG-00945,Gigabyte,3,G5,Gigabyte G5 0945,Intel Core i7-12700H,NVIDIA GeForce RTX 4070 Laptop,16,512,16.1,2560x1440,165,0,2.48,58,38510000,,106,Laptop Gaming,,https://example-retailer.vn/mock,2026-01-15,GAMING
AVI-00946,Avita,1,Pura,Avita Pura 0946,Intel Pentium Silver N6000,Intel UHD Graphics,4,512,14.0,1920x1080,60,0,1.13,39,9730000,,79,Hoc tap - Van phong,,https://example-retailer.vn/mock,2026-01-15,OFFICE
MSI-00947,MSI,3,Prestige,MSI Prestige 0947,Intel Core i7-1255U,Intel UHD Graphics,16,512,13.6,1920x1200,120,0,1.19,55,18340000,21090000,129,Mong nhe,,https://example-retailer.vn/mock,2026-01-15,ULTRABOOK
LEN-00948,Lenovo,4,Legion,Lenovo Legion 0948,Intel Core i7-13700H,NVIDIA GeForce RTX 4080 Laptop,16,1024,15.6,1920x1080,144,0,2.36,72,46780000,53850000,67,Laptop Gaming,,https://example-retailer.vn/mock,2026-01-15,GAMING
ASU-00949,ASUS,4,ROG Strix,ASUS ROG Strix 0949,AMD Ryzen 9 7940HS,NVIDIA GeForce RTX 3060 Laptop,32,1024,16.0,2560x1440,240,0,2.41,62,38990000,,146,Laptop Gaming,,https://example-retailer.vn/mock,2026-01-15,GAMING
HUA-00950,Huawei,3,MateBook D,Huawei MateBook D 0950,Intel Pentium Silver N6000,Intel UHD Graphics,8,256,15.6,1920x1080,60,0,1.37,47,12620000,,64,Hoc tap - Van phong,,https://example-retailer.vn/mock,2026-01-15,OFFICE
HUA-00951,Huawei,3,MateBook 16s,Huawei MateBook 16s 0951,Intel Core i7-13700H,NVIDIA GeForce RTX 4070 Laptop,16,2048,15.6,2560x1440,165,0,2.59,66,44590000,,62,Laptop Gaming,,https://example-retailer.vn/mock,2026-01-15,GAMING
ASU-00952,ASUS,4,VivoBook S,ASUS VivoBook S 0952,Intel Core i7-1255U,Intel UHD Graphics,16,256,14.0,1920x1200,90,1,1.06,60,20290000,,0,Mong nhe,,https://example-retailer.vn/mock,2026-01-15,ULTRABOOK
DEL-00953,Dell,5,G15,Dell G15 0953,Intel Core i7-12700H,NVIDIA GeForce RTX 3050 Ti Laptop,16,256,17.3,1920x1080,144,0,2.48,90,29990000,,144,Laptop Gaming,,https://example-retailer.vn/mock,2026-01-15,GAMING
ACE-00954,Acer,3,Swift,Acer Swift 0954,AMD Ryzen 7 7735HS,AMD Radeon 780M,16,512,15.6,1920x1080,120,0,1.75,55,21850000,,111,Mong nhe,,https://example-retailer.vn/mock,2026-01-15,ULTRABOOK
ASU-00955,ASUS,4,TUF Gaming,ASUS TUF Gaming 0955,Intel Core i7-13700H,NVIDIA GeForce RTX 3060 Laptop,32,512,17.3,2560x1600,90,1,2.57,80,43050000,,90,Do hoa - Ky thuat,,https://example-retailer.vn/mock,2026-01-15,CREATOR
HUA-00956,Huawei,3,MateBook 16s,Huawei MateBook 16s 0956,AMD Ryzen 7 7840HS,AMD Radeon RX 6600M,16,1024,15.6,1920x1080,144,0,2.07,73,33290000,44340000,134,Laptop Gaming,,https://example-retailer.vn/mock,2026-01-15,GAMING
HP-00957,HP,4,Spectre,HP Spectre 0957,Intel Core i5-1335U,Intel UHD Graphics (Alder Lake),16,256,15.6,1920x1080,120,0,1.34,40,20050000,,89,Mong nhe,,https://example-retailer.vn/mock,2026-01-15,ULTRABOOK
GIG-00958,Gigabyte,3,G5,Gigabyte G5 0958,Intel Core i5-1240P,Intel UHD Graphics,16,512,15.6,1920x1080,60,0,1.62,32,18740000,,60,Hoc tap - Van phong,,https://example-retailer.vn/mock,2026-01-15,OFFICE
MSI-00959,MSI,3,Katana,MSI Katana 0959,AMD Ryzen 7 5800H,NVIDIA GeForce RTX 3050 Laptop,16,1024,14.0,2560x1600,120,1,2.25,76,28000000,33750000,105,Do hoa - Ky thuat,,https://example-retailer.vn/mock,2026-01-15,CREATOR
LEN-00960,Lenovo,4,Legion,Lenovo Legion 0960,Intel Core i7-12700H,NVIDIA GeForce RTX 4080 Laptop,8,1024,17.3,1920x1080,165,0,2.8,69,43080000,,79,Laptop Gaming,,https://example-retailer.vn/mock,2026-01-15,GAMING
LEN-00961,Lenovo,4,IdeaPad Slim,Lenovo IdeaPad Slim 0961,Intel Core i3-1215U,Intel UHD Graphics,8,256,15.6,1920x1080,60,0,1.51,42,13660000,18140000,237,Hoc tap - Van phong,,https://example-retailer.vn/mock,2026-01-15,OFFICE
APP-00962,Apple,5,MacBook Air,Apple MacBook Air 0962,Apple M2,Apple GPU 10-core,16,256,14.5,1920x1200,60,1,1.12,58,36020000,,91,Mong nhe,,https://example-retailer.vn/mock,2026-01-15,ULTRABOOK
DEL-00963,Dell,5,Latitude,Dell Latitude 0963,Intel Core i5-1235U,Intel UHD Graphics (Alder Lake),16,512,15.6,1920x1080,60,0,1.56,37,20580000,23360000,223,Hoc tap - Van phong,,https://example-retailer.vn/mock,2026-01-15,OFFICE
HP-00964,HP,4,Victus,HP Victus 0964,AMD Ryzen 7 5800H,NVIDIA GeForce RTX 4070 Laptop,16,1024,15.6,2560x1600,120,1,2.52,67,44800000,,106,Do hoa - Ky thuat,,https://example-retailer.vn/mock,2026-01-15,CREATOR
LEN-00965,Lenovo,4,Legion,Lenovo Legion 0965,Intel Core i7-14700HX,NVIDIA GeForce RTX 4070 Laptop,32,1024,15.6,2560x1440,144,1,2.57,76,60050000,,138,Laptop Gaming,,https://example-retailer.vn/mock,2026-01-15,GAMING
APP-00966,Apple,5,MacBook Air,Apple MacBook Air 0966,Apple M3,Apple GPU 10-core,32,512,14.0,1920x1200,60,1,1.28,84,45400000,,120,Mong nhe,,https://example-retailer.vn/mock,2026-01-15,ULTRABOOK
DEL-00967,Dell,5,Alienware M,Dell Alienware M 0967,Intel Core i7-12700H,NVIDIA GeForce RTX 4070 Laptop,16,1024,17.3,1920x1080,144,1,2.8,74,51880000,61430000,189,Laptop Gaming,,https://example-retailer.vn/mock,2026-01-15,GAMING
ACE-00968,Acer,3,Nitro,Acer Nitro 0968,AMD Ryzen 7 7735HS,NVIDIA GeForce RTX 3050 Ti Laptop,8,1024,16.0,2560x1440,144,1,2.64,78,28070000,29700000,166,Laptop Gaming,,https://example-retailer.vn/mock,2026-01-15,GAMING
GIG-00969,Gigabyte,3,G5,Gigabyte G5 0969,AMD Ryzen 3 7320U,AMD Radeon 660M,8,256,14.5,2560x1600,60,1,1.19,54,15760000,,99,Hoc tap - Van phong,,https://example-retailer.vn/mock,2026-01-15,OFFICE
HUA-00970,Huawei,3,MateBook 16s,Huawei MateBook 16s 0970,AMD Ryzen 7 7840HS,NVIDIA GeForce RTX 3050 Laptop,16,512,15.6,1920x1080,144,0,2.39,63,29700000,,100,Laptop Gaming,,https://example-retailer.vn/mock,2026-01-15,GAMING
HUA-00971,Huawei,3,MateBook 16s,Huawei MateBook 16s 0971,AMD Ryzen 5 7535HS,NVIDIA GeForce RTX 3050 Ti Laptop,16,256,15.6,1920x1080,240,0,2.45,81,23460000,,117,Laptop Gaming,,https://example-retailer.vn/mock,2026-01-15,GAMING
DEL-00972,Dell,5,Alienware M,Dell Alienware M 0972,Intel Core i7-14700HX,NVIDIA GeForce RTX 3050 Ti Laptop,64,512,15.6,2560x1440,120,1,2.38,86,61670000,,111,Do hoa - Ky thuat,,https://example-retailer.vn/mock,2026-01-15,CREATOR
ASU-00973,ASUS,4,ROG Strix,ASUS ROG Strix 0973,Intel Core i7-14700HX,NVIDIA RTX A2000 Laptop,32,512,15.6,1920x1200,60,1,2.42,60,43430000,,69,Do hoa - Ky thuat,,https://example-retailer.vn/mock,2026-01-15,CREATOR
ACE-00974,Acer,3,Nitro,Acer Nitro 0974,AMD Ryzen 7 7840HS,AMD Radeon RX 6600M,64,1024,16.0,1920x1080,120,0,2.36,73,42440000,,69,Laptop Gaming,,https://example-retailer.vn/mock,2026-01-15,GAMING
DEL-00975,Dell,5,Alienware M,Dell Alienware M 0975,AMD Ryzen 7 7840HS,NVIDIA GeForce RTX 4070 Laptop,16,1024,15.6,1920x1080,144,1,2.5,67,49140000,63850000,257,Laptop Gaming,,https://example-retailer.vn/mock,2026-01-15,GAMING
HP-00976,HP,4,ProBook,HP ProBook 0976,Intel Core i7-1255U,Intel UHD Graphics (Alder Lake),8,512,15.6,1920x1080,60,0,1.36,43,16710000,20950000,161,Hoc tap - Van phong,,https://example-retailer.vn/mock,2026-01-15,OFFICE
HUA-00977,Huawei,3,MateBook 16s,Huawei MateBook 16s 0977,Intel Core i9-13900H,NVIDIA GeForce RTX 3060 Laptop,16,1024,15.6,1920x1080,120,1,2.48,49,39480000,,88,Laptop Gaming,,https://example-retailer.vn/mock,2026-01-15,GAMING
ASU-00978,ASUS,4,VivoBook,ASUS VivoBook 0978,AMD Ryzen 3 7320U,AMD Radeon Graphics (Vega),8,256,15.6,1920x1080,60,0,1.39,41,12520000,,114,Hoc tap - Van phong,,https://example-retailer.vn/mock,2026-01-15,OFFICE
DEL-00979,Dell,5,G15,Dell G15 0979,AMD Ryzen 7 5800H,NVIDIA GeForce RTX 3060 Laptop,16,1024,15.6,1920x1080,144,1,2.41,86,36830000,,112,Laptop Gaming,,https://example-retailer.vn/mock,2026-01-15,GAMING
ASU-00980,ASUS,4,ROG Strix,ASUS ROG Strix 0980,AMD Ryzen 5 7535HS,NVIDIA GeForce RTX 3050 Ti Laptop,16,512,16.2,1920x1200,60,1,2.43,67,27090000,,72,Laptop Gaming,,https://example-retailer.vn/mock,2026-01-15,GAMING
DEL-00981,Dell,5,Inspiron,Dell Inspiron 0981,Intel Core i5-1240P,Intel UHD Graphics (Alder Lake),16,512,16.0,1366x768,60,0,1.48,44,22100000,23450000,141,Hoc tap - Van phong,,https://example-retailer.vn/mock,2026-01-15,OFFICE
DEL-00982,Dell,5,G15,Dell G15 0982,Intel Core i5-12450H,NVIDIA GeForce RTX 3060 Laptop,16,512,15.6,2560x1440,165,1,2.23,68,38920000,,106,Laptop Gaming,,https://example-retailer.vn/mock,2026-01-15,GAMING
LG-00983,LG,4,Gram Pro,LG Gram Pro 0983,Intel Core i7-14700HX,NVIDIA RTX A2000 Laptop,32,512,15.6,1920x1080,144,1,2.17,61,45690000,,134,Laptop Gaming,,https://example-retailer.vn/mock,2026-01-15,GAMING
ASU-00984,ASUS,4,VivoBook,ASUS VivoBook 0984,Intel Core i5-1240P,Intel UHD Graphics (Alder Lake),8,512,15.6,1920x1200,120,0,1.4,40,18320000,23220000,197,Hoc tap - Van phong,,https://example-retailer.vn/mock,2026-01-15,OFFICE
HUA-00985,Huawei,3,MateBook D,Huawei MateBook D 0985,Intel Core i5-1235U,Intel Iris Xe Graphics,32,256,15.6,1920x1080,60,0,1.77,41,24120000,,76,Hoc tap - Van phong,,https://example-retailer.vn/mock,2026-01-15,OFFICE
MSI-00986,MSI,3,Prestige,MSI Prestige 0986,AMD Ryzen 5 7530U,AMD Radeon 660M,8,512,15.6,1920x1080,60,1,1.31,46,19230000,,88,Mong nhe,,https://example-retailer.vn/mock,2026-01-15,ULTRABOOK
MSI-00987,MSI,3,Creator,MSI Creator 0987,AMD Ryzen 5 7535HS,NVIDIA GeForce RTX 4080 Laptop,16,512,16.2,1920x1200,120,1,2.72,67,42850000,,137,Laptop Gaming,,https://example-retailer.vn/mock,2026-01-15,GAMING
HP-00988,HP,4,Victus,HP Victus 0988,Intel Core i5-12450H,NVIDIA GeForce RTX 3060 Laptop,8,512,15.6,1920x1200,60,0,2.45,47,23360000,,89,Laptop Gaming,,https://example-retailer.vn/mock,2026-01-15,GAMING
APP-00989,Apple,5,MacBook Air,Apple MacBook Air 0989,Apple M1,Apple GPU 8-core,16,512,13.6,1920x1200,60,0,1.19,59,31090000,40710000,149,Mong nhe,,https://example-retailer.vn/mock,2026-01-15,ULTRABOOK
HUA-00990,Huawei,3,MateBook 16s,Huawei MateBook 16s 0990,AMD Ryzen 9 7940HS,NVIDIA RTX A2000 Laptop,32,1024,15.6,1920x1080,240,0,2.28,79,40350000,43290000,133,Laptop Gaming,,https://example-retailer.vn/mock,2026-01-15,GAMING
ACE-00991,Acer,3,Aspire,Acer Aspire 0991,Intel Pentium Silver N6000,Intel UHD Graphics,8,512,16.0,1920x1200,60,0,1.63,57,10290000,11570000,188,Hoc tap - Van phong,,https://example-retailer.vn/mock,2026-01-15,OFFICE
LG-00992,LG,4,Gram Pro,LG Gram Pro 0992,Intel Core i5-13420H,NVIDIA GeForce RTX 4050 Laptop,16,512,15.6,2560x1600,90,1,2.34,55,36440000,46690000,230,Do hoa - Ky thuat,,https://example-retailer.vn/mock,2026-01-15,CREATOR
GIG-00993,Gigabyte,3,Aorus,Gigabyte Aorus 0993,AMD Ryzen 7 7840HS,NVIDIA GeForce RTX 3060 Laptop,32,512,16.1,2560x1600,90,1,2.1,100,40830000,,83,Do hoa - Ky thuat,,https://example-retailer.vn/mock,2026-01-15,CREATOR
HP-00994,HP,4,Omen,HP Omen 0994,AMD Ryzen 7 5800H,AMD Radeon RX 7600M XT,32,1024,16.0,3840x2160,165,1,2.68,61,46570000,50450000,199,Laptop Gaming,,https://example-retailer.vn/mock,2026-01-15,GAMING
ASU-00995,ASUS,4,ProArt,ASUS ProArt 0995,Intel Core i5-13420H,NVIDIA GeForce RTX 3050 Laptop,16,512,15.6,1920x1080,240,0,2.27,55,28480000,,198,Laptop Gaming,,https://example-retailer.vn/mock,2026-01-15,GAMING
ASU-00996,ASUS,4,VivoBook S,ASUS VivoBook S 0996,Intel Core i7-1260P,Intel Iris Xe Graphics,32,1024,14.0,1920x1080,120,1,1.23,61,26330000,29630000,191,Mong nhe,,https://example-retailer.vn/mock,2026-01-15,ULTRABOOK
ACE-00997,Acer,3,Nitro,Acer Nitro 0997,Intel Core i9-13900H,NVIDIA GeForce RTX 3050 Ti Laptop,32,512,15.6,1920x1200,165,1,2.26,86,39650000,,118,Laptop Gaming,,https://example-retailer.vn/mock,2026-01-15,GAMING
LG-00998,LG,4,Gram,LG Gram 0998,Intel Core i7-1255U,Intel UHD Graphics (Alder Lake),16,256,14.0,1920x1200,120,0,0.99,66,22570000,,33,Mong nhe,,https://example-retailer.vn/mock,2026-01-15,ULTRABOOK
ACE-00999,Acer,3,Nitro,Acer Nitro 0999,Intel Core i5-13420H,NVIDIA GeForce RTX 4050 Laptop,16,512,16.1,2560x1440,120,0,2.37,62,25410000,29960000,114,Laptop Gaming,,https://example-retailer.vn/mock,2026-01-15,GAMING
ACE-01000,Acer,3,Aspire,Acer Aspire 1000,Intel Pentium Silver N6000,Intel UHD Graphics,8,128,15.6,1920x1080,120,1,1.63,55,11390000,14440000,232,Hoc tap - Van phong,,https://example-retailer.vn/mock,2026-01-15,OFFICE
